"","...1","removed","freqchal","pvi2","obama","cperhs","sexexp","book","author","state","antifamily","cmedin","cperba","days2000","occult","language","homosexuality","violence","booktitle"
"1",30,1,0,-6.1,0,1.43804213135068,1,6,"Orwell, George","AZ",0,3490.5,-0.52372986369269,847,0,0,0,0,"1984"
"2",526,1,1,-0.7,0,3.43804213135068,0,8,"Cormier, Robert","OH",0,2469,-2.92372986369269,2848,0,0,0,0,"8+1"
"3",320,0,0,-10.4,1,-5.46195786864932,1,9,"Stone, Tanya Lee","KY",0,-5880.5,-6.92372986369269,3286,0,1,0,0,"A Bad Boy Can Be Good for a Girl"
"4",447,0,0,-4.3,0,-1.46195786864932,0,10,"Hersey, John","NC",0,-310,-1.52372986369269,1672,0,1,0,0,"A Bell for Adano"
"5",826,1,0,11.2,1,-1.56195786864932,1,12,"Pelzer, Dave","RI",0,8141,1.57627013630731,3707,0,0,0,0,"A Child Called ""It"""
"6",104,0,0,-0.2,1,7.33804213135069,1,13,"Gloeckner, Phoebe","CO",0,10346.5,8.67627013630731,3490,0,0,0,1,"A Child's Life"
"7",484,1,0,10.2,0,-0.461957868649321,1,15,"Peck, Robert Newton","NY",0,5007.5,3.37627013630731,480,0,1,0,1,"A Day No Pigs Would Die"
"8",857,0,0,-8.7,0,-3.66195786864931,0,16,"Rice, Christopher","TN",0,-2995.5,-4.42372986369269,355,0,0,0,0,"A Density of Souls"
"9",686,0,0,2,0,2.33804213135069,1,17,"Tyree, Omar","PA",0,4218,-1.62372986369269,2093,0,1,0,0,"A Do Right Man"
"10",265,0,0,7.7,1,1.83804213135069,0,18,"Ayer, Eleanor H.","IL",0,6489.5,2.07627013630731,3319,0,0,0,1,"A Firestorm Unleashed"
"11",361,0,0,3.8,1,3.83804213135069,1,23,"Rochelle, Warren","MI",0,2966,-2.22372986369269,3330,1,1,0,0,"A Harvest of Changelings"
"12",215,0,0,1,0,6.53804213135068,1,29,"Hill, Ernest","IA",1,3921.5,-2.82372986369269,0,0,1,0,1,"A Life for a Life"
"13",572,0,0,4,0,5.53804213135068,1,35,"Gould, Judith","OR",0,1274.5,1.07627013630731,990,0,0,0,1,"A Moment in Time"
"14",925,0,0,-7.9,0,-4.36195786864931,1,40,"Irving, John","WV",0,-7290,-9.22372986369269,180,0,1,0,0,"A Prayer for Owen Meany"
"15",101,1,0,-0.2,0,7.33804213135069,1,42,"Johnson, Anthony Godby","CO",0,10346.5,8.67627013630731,1425,0,0,0,0,"A Rock and a Hard Place"
"16",705,0,0,2,1,2.33804213135069,0,45,"Knowles, John","PA",0,4218,-1.62372986369269,3600,0,0,0,0,"A Separate Peach"
"17",660,0,0,4,0,5.53804213135068,0,46,"Casteneda, Carlos","OR",0,1274.5,1.07627013630731,180,0,0,0,0,"A Separate Reality"
"18",197,0,0,-1.8,0,0.33804213135069,0,49,"Clinton, Cathryn","FL",0,372,-1.72372986369269,1473,0,0,0,0,"A Stone In My Hand"
"19",131,0,0,-0.2,1,7.33804213135069,0,51,"Hamilton, Laurell K.","CO",1,10346.5,8.67627013630731,3490,0,0,0,0,"A Stroke of Midnight"
"20",706,0,0,2,1,2.33804213135069,0,53,"Hosseini, Khaled","PA",0,4218,-1.62372986369269,3600,0,0,0,0,"A Thousand Splendid Suns"
"21",454,0,0,-10.4,0,4.33804213135069,1,55,"Grisham, John","ND",0,-813,-2.02372986369269,1800,0,0,0,1,"A Time to Kill"
"22",100,1,0,-0.2,0,7.33804213135069,0,86,"de Saint Phalle, Niki","CO",0,10346.5,8.67627013630731,1443,0,0,0,0,"AIDS: You Can't Catch it Holding Hands"
"23",14,0,0,-13.2,1,-4.26195786864932,0,63,"Kehret, Peg","AL",0,-5054,-5.02372986369269,3240,0,0,0,0,"Abduction"
"24",231,1,0,-17.4,0,5.13804213135069,1,67,"Balducci, David","ID",0,3194,-2.32372986369269,720,0,1,0,1,"Absolute Power"
"25",512,0,0,-0.7,1,3.43804213135068,0,68,"Gaiman, Neil","OH",1,2469,-2.92372986369269,3695,0,1,0,0,"Absolute Sandman Vol. 1 and Vol. 2"
"26",414,1,0,-3.1,1,1.73804213135068,0,69,"Alexie, Sherman","MO",0,1279.5,-2.42372986369269,3784,0,1,0,1,"Absolutely True Diary of a Part-Time Indian, The"
"27",707,0,0,2,1,2.33804213135069,0,70,"LaRochelle, David","PA",0,4218,-1.62372986369269,3600,0,0,0,0,"Absolutely, Positively Not"
"28",708,0,0,2,1,2.33804213135069,0,75,"Twain, Mark","PA",0,4218,-1.62372986369269,3600,0,0,0,0,"Adventures of Huckleberry Finn, The"
"29",550,0,0,-16.9,1,1.03804213135068,0,77,"Beard, George","OK",0,-3087.5,-3.72372986369269,3261,0,1,0,0,"Adventures of Super Diaper Baby, The"
"30",219,0,0,1,0,6.53804213135068,0,78,"Twain, Mark","IA",0,3921.5,-2.82372986369269,2770,0,1,0,0,"Adventures of Tom Sawyer, The"
"31",661,0,0,4,0,5.53804213135068,0,80,"Bell, Derrick","OR",0,1274.5,1.07627013630731,180,0,0,0,0,"Afrolantica Legacies"
"32",256,1,0,7.7,0,1.83804213135069,1,87,"Miller, Mary Beth","IL",0,6489.5,2.07627013630731,1917,0,0,0,0,"Aimee"
"33",417,1,1,-3.1,0,1.73804213135068,0,95,"Naylor, Phyllis Reynolds","MO",0,1279.5,-2.42372986369269,990,0,0,1,0,"Alice (series)"
"34",709,0,1,2,1,2.33804213135069,0,100,"Naylor, Phyllis Reynolds","PA",0,4218,-1.62372986369269,3600,0,0,0,0,"Alice On Her Way"
"35",494,0,1,10.2,0,-0.461957868649321,1,100,"Naylor, Phyllis Reynolds","NY",0,5007.5,3.37627013630731,2807,0,0,0,0,"Alice on Her Way"
"36",32,0,1,-6.1,0,1.43804213135068,1,101,"Naylor, Phyllis Reynolds","AZ",0,3490.5,-0.52372986369269,1455,0,0,0,0,"Alice on the Outside"
"37",683,1,1,2,0,2.33804213135069,1,102,"Naylor, Phyllis Reynolds","PA",0,4218,-1.62372986369269,1201,0,0,0,0,"Alice the Brave"
"38",710,0,0,2,1,2.33804213135069,0,109,"Warren, Robert Penn","PA",0,4218,-1.62372986369269,3600,0,0,0,0,"All the King's Men"
"39",580,0,0,4,1,5.53804213135068,0,115,"Demarest, Chris L.","OR",0,1274.5,1.07627013630731,3600,0,0,0,0,"Alpha, Bravo, Charlie:  The Military Alphabet"
"40",63,1,0,7.4,0,-2.76195786864932,1,118,"Rodriguez, Luis","CA",0,10119,2.57627013630731,1749,0,0,0,1,"Always Running"
"41",120,0,0,-0.2,0,7.33804213135069,1,122,"James, Jamie","CO",0,10346.5,8.67627013630731,1425,0,0,0,0,"Am I Weird or Is This Normal?"
"42",132,0,0,-0.2,0,7.33804213135069,0,127,"Steig, William","CO",0,10346.5,8.67627013630731,1800,0,0,0,1,"Amazing Bone, The"
"43",207,0,0,-6.8,0,-0.961957868649321,0,133,"Stewart, Jon","GA",0,2239.5,0.276270136307311,3080,0,1,0,0,"America (The Book):  A Citizen's Guide to Democracy Inaction"
"44",431,0,0,-7.1,0,7.63804213135069,0,134,"Frank, E.R.","MT",0,-6482,0.376270136307308,1703,0,1,0,0,"America:  A Novel"
"45",906,0,0,5,0,7.53804213135068,0,135,"Haddix, Margaret Peterson","WA",1,9907.5,3.67627013630731,1347,0,0,0,0,"Among the Betrayed"
"46",711,0,0,2,1,2.33804213135069,0,137,"Dreiser, Theodore","PA",0,4218,-1.62372986369269,3600,0,0,0,0,"An American Tragedy"
"47",189,1,1,-1.8,0,0.33804213135069,0,140,"Lowry, Lois","FL",0,372,-1.72372986369269,1917,0,0,0,0,"Anastasia Again!"
"48",217,0,1,1,1,6.53804213135068,0,143,"Parnell, Peter and Justin Richardson","IA",1,3921.5,-2.82372986369269,3197,0,0,1,0,"And Tango Makes Three"
"49",701,1,1,2,0,2.33804213135069,0,144,"Schwartz, Alvin","PA",0,4218,-1.62372986369269,240,0,0,0,1,"And the Green Grass Grew All Around"
"50",533,0,0,-0.7,0,3.43804213135068,0,147,"Brown, Dan","OH",0,2469,-2.92372986369269,2479,0,0,0,0,"Angels & Demons"
"51",869,0,0,-1.7,0,1.93804213135068,0,148,"Rennison, Louise","VA",0,11296,5.47627013630731,2387,0,0,0,0,"Angus, Thongs, and Full Frontal Snogging"
"52",603,0,0,4,0,5.53804213135068,0,151,"Napier, Susan","OR",0,1274.5,1.07627013630731,1426,0,0,0,0,"Anime from Akira to Princess Mononoke"
"53",712,0,0,2,1,2.33804213135069,0,155,"Peck, Richard","PA",0,4218,-1.62372986369269,3600,0,0,0,0,"Are You In the House Alone?"
"54",133,0,0,-0.2,0,7.33804213135069,0,158,"Bellesiles, Michael","CO",0,10346.5,8.67627013630731,1800,0,0,0,0,"Arming America"
"55",908,1,0,5,0,7.53804213135068,0,159,"Byam, Michelle","WA",1,9907.5,3.67627013630731,315,0,0,0,1,"Arms and Armor"
"56",591,0,0,4,0,5.53804213135068,0,160,"Adler, Sabine","OR",0,1274.5,1.07627013630731,1924,0,0,0,0,"Art for Lovers"
"57",713,0,0,2,1,2.33804213135069,0,165,"Faulkner, William","PA",0,4218,-1.62372986369269,3600,0,0,0,0,"As I Lay Dying"
"58",281,0,0,7.7,0,1.83804213135069,0,167,"Humphries, Barry","IL",0,6489.5,2.07627013630731,1119,0,0,0,0,"Ask Dame Edna"
"59",89,0,0,-0.2,1,7.33804213135069,1,166,"Arellano, Gustavo","CO",0,10346.5,8.67627013630731,3490,0,1,0,0,"Ask a Mexican"
"60",209,1,0,-6.8,0,-0.961957868649321,0,170,"Lyga, Barry","GA",0,2239.5,0.276270136307311,2917,0,1,0,0,"Astonishing Adventures of Fanboy and Goth Girl, The"
"61",917,1,1,2.4,0,5.53804213135068,0,171,"Crutcher, Chris","WI",0,4234.5,-1.62372986369269,2474,0,1,1,0,"Athletic Shorts"
"62",190,1,0,-1.8,0,0.33804213135069,0,173,"Birdseye, Tom","FL",0,372,-1.72372986369269,1800,0,0,0,0,"Attack of the Mutant Underwear"
"63",22,0,0,-8.8,1,-4.26195786864932,0,178,"McDaniel, Lurlene","AR",0,-6258.5,-7.32372986369269,3197,0,0,0,0,"Baby Alicia is Dying"
"64",79,1,0,7.4,0,-2.76195786864932,0,179,"Block, Francesca Lia","CA",0,10119,2.57627013630731,120,0,0,1,0,"Baby Be-Bop"
"65",433,1,0,-4.3,0,-1.46195786864932,1,188,"Thompson, Julian","NC",0,-310,-1.52372986369269,1050,0,1,0,0,"Band of Angels"
"66",181,1,0,-1.8,0,0.33804213135069,0,189,"Fitzhugh, Louise","FL",0,372,-1.72372986369269,60,0,0,0,1,"Bang, Bang, You're Dead"
"67",714,0,0,2,1,2.33804213135069,0,193,"Stroud, Jonathan","PA",0,4218,-1.62372986369269,3600,0,0,0,0,"Bartimaeus (series)"
"68",33,1,0,-6.1,0,1.43804213135068,1,196,"Allison, Dorothy","AZ",0,3490.5,-0.52372986369269,982,0,0,0,0,"Bastard Out of Carolina"
"69",511,0,0,-0.7,1,3.43804213135068,0,197,"Miller, Frank","OH",0,2469,-2.92372986369269,3802,0,1,0,0,"Batman:  The Dark Knight Strikes Again"
"70",360,0,0,3.8,0,3.83804213135069,1,198,"Beatty, Scott","MI",0,2966,-2.22372986369269,863,0,0,0,0,"Batman: The Ultimate Guide to the Dark Knight"
"71",873,1,0,-1.7,0,1.93804213135068,0,203,"Kingsolver, Barbara","VA",0,11296,5.47627013630731,510,0,0,0,0,"Bean Trees, The"
"72",715,0,0,2,1,2.33804213135069,0,205,"Meyers, Walter Dean","PA",0,4218,-1.62372986369269,3600,0,0,0,0,"Beast, The"
"73",560,0,0,4,0,5.53804213135068,1,210,"Nicholson, Geoff","OR",0,1274.5,1.07627013630731,1426,0,1,0,0,"Bedlam Burning"
"74",561,0,1,4,0,5.53804213135068,1,214,"Morrison, Toni","OR",0,1274.5,1.07627013630731,990,0,1,0,1,"Beloved"
"75",121,0,0,-0.2,0,7.33804213135069,0,215,"Berenstein, Stan and Jan","CO",0,10346.5,8.67627013630731,1425,0,0,0,1,"Berenstein Bears and the Bully"
"76",183,0,0,-1.8,1,0.33804213135069,1,216,"Johnson, Maureen","FL",0,372,-1.72372986369269,3406,0,0,0,0,"Bermudez Triangle"
"77",535,1,0,-16.9,0,1.03804213135068,1,217,"Johnson, Maureen","OK",1,-3087.5,-3.72372986369269,3014,0,1,1,0,"Bermudez Triangle, The"
"78",343,0,0,11.7,0,5.23804213135068,1,219,"Doctorow, E.L.","MA",0,14048.5,9.17627013630731,840,0,1,0,0,"Best American Short Stories 2000"
"79",566,0,0,4,1,5.53804213135068,1,220,"Labonte, Richard","OR",0,1274.5,1.07627013630731,3600,0,0,0,0,"Best Gay Bondage Erotica"
"80",164,0,0,-0.2,0,7.33804213135069,1,221,"Gould, Judith","CO",0,10346.5,8.67627013630731,1425,0,0,0,0,"Best is Yet to Come"
"81",662,0,0,4,0,5.53804213135068,0,223,"Carter, Alden","OR",0,1274.5,1.07627013630731,180,0,1,0,0,"Between a Rock and a Hard Place"
"82",618,0,0,4,0,5.53804213135068,1,224,"Editors of Penthouse","OR",0,1274.5,1.07627013630731,990,0,0,0,0,"Between the Sheets"
"83",717,0,1,2,1,2.33804213135069,0,228,"Cormier, Robert","PA",0,4218,-1.62372986369269,3600,0,0,0,0,"Beyond the Chocolate War"
"84",718,0,0,2,1,2.33804213135069,0,229,"Various","PA",0,4218,-1.62372986369269,3600,0,0,0,0,"Bible, The"
"85",719,0,0,2,1,2.33804213135069,0,232,"Crocker, Nancy","PA",0,4218,-1.62372986369269,3600,0,0,0,0,"Billie Standish Was Here"
"86",555,0,0,-16.9,0,1.03804213135068,0,237,"Klein, Fritz and Tom Schwartz, editors","OK",0,-3087.5,-3.72372986369269,1800,0,0,0,0,"Bisexual and Gay Husbands"
"87",338,1,0,-9.7,1,-4.76195786864932,0,241,"Bowden, Mark","LA",0,-5120.5,-5.32372986369269,3487,0,1,0,0,"Black Hawk Down"
"88",440,0,0,-4.3,0,-1.46195786864932,0,242,"Burns, Charles","NC",0,-310,-1.52372986369269,2699,0,0,0,1,"Black Hole"
"89",663,0,0,4,0,5.53804213135068,1,244,"Smith, Michael J.","OR",0,1274.5,1.07627013630731,180,0,0,0,0,"Black Men/White Men: Afro-American Gay Life and Culture"
"90",598,0,0,4,0,5.53804213135068,0,245,"Hughes, Lanston","OR",0,1274.5,1.07627013630731,1800,0,0,0,0,"Black Misery"
"91",316,0,0,-11.5,0,6.43804213135068,0,251,"Dobyns, Stephen","KS",0,144.5,1.77627013630731,480,0,0,0,1,"Bleeder"
"92",59,1,0,7.4,1,-2.76195786864932,0,252,"Anaya, Rudolfo","CA",0,10119,2.57627013630731,3214,0,0,0,0,"Bless Me, Ultima"
"93",15,1,0,-13.2,1,-4.26195786864932,0,255,"Oh, Minya","AL",0,-5054,-5.02372986369269,3240,0,1,0,0,"Bling Bling:  Hip Hop's Crown Jewels"
"94",895,0,0,13.4,1,6.83804213135069,1,264,"Grandits, John","VT",0,8467,5.37627013630731,3279,0,0,0,0,"Blue Lipstick:  Concrete Poems"
"95",125,1,1,-0.2,0,7.33804213135069,1,267,"Morrison, Toni","CO",0,10346.5,8.67627013630731,2352,0,0,0,0,"Bluest Eye, The"
"96",684,0,0,2,1,2.33804213135069,0,268,"Redd, Nancy Amanda","PA",0,4218,-1.62372986369269,3179,0,0,0,0,"Body Drama"
"97",619,0,0,4,0,5.53804213135068,0,272,"Donald, David","OR",0,1274.5,1.07627013630731,990,0,0,0,0,"Bombers of World War II"
"98",396,0,0,2.3,1,8.33804213135069,1,273,"Smith, Jeff","MN",0,15378,3.37627013630731,3835,0,0,0,0,"Bone (series)"
"99",720,0,0,2,1,2.33804213135069,0,275,"Smith, Jeff","PA",0,4218,-1.62372986369269,3600,0,1,0,0,"Bone:  Eyes of the Storm"
"100",358,0,0,3.8,1,3.83804213135069,1,276,"Smith, Jeff","MI",0,2966,-2.22372986369269,3684,0,1,0,0,"Bone:  Out of Boneville"
"101",501,0,0,10.2,1,-0.461957868649321,0,279,"Crumb, R.","NY",0,5007.5,3.37627013630731,3675,0,0,0,0,"Book of Genesis"
"102",97,0,0,-0.2,0,7.33804213135069,1,280,"Crumb, R.","CO",0,10346.5,8.67627013630731,1425,0,0,0,0,"Book of Mr. Natural"
"103",632,0,0,4,0,5.53804213135068,0,282,"Curott, Phyllis","OR",0,1274.5,1.07627013630731,510,1,0,0,0,"Book of Shadows"
"104",380,1,0,3.8,1,3.83804213135069,1,286,"Seierstad, Asne","MI",0,2966,-2.22372986369269,3274,0,0,0,0,"Bookseller of Kabul, The"
"105",604,0,0,4,0,5.53804213135068,0,290,"Black, Eric","OR",0,1274.5,1.07627013630731,1426,0,0,0,0,"Bosnia: Fractured Region"
"106",272,0,0,7.7,0,1.83804213135069,1,291,"Pollan, Michael","IL",0,6489.5,2.07627013630731,2309,0,0,0,0,"Botany of Desire: A Plant's-Eye View of the World, The"
"107",499,1,0,10.2,0,-0.461957868649321,0,295,"Gilman, Rebecca","NY",0,5007.5,3.37627013630731,2064,0,1,0,0,"Boy Gets Girl: A Play"
"108",721,0,0,2,1,2.33804213135069,0,296,"Koertge, Ron","PA",0,4218,-1.62372986369269,3600,0,0,0,0,"Boy Girl Boy"
"109",128,0,0,-0.2,NA,7.33804213135069,0,297,"Levithan, David","CO",0,10346.5,8.67627013630731,NA,0,0,1,0,"Boy Meets Boy"
"110",86,0,0,7.4,0,-2.76195786864932,0,301,"Greene, Shep","CA",0,10119,2.57627013630731,480,0,0,0,0,"Boy Who Drank Too Much, The"
"111",85,0,0,7.4,0,-2.76195786864932,0,303,"Sachar, Louis","CA",0,10119,2.57627013630731,1452,0,1,0,0,"Boy Who Lost His Face, The"
"112",202,0,0,-6.8,1,-0.961957868649321,0,304,"Blacker, Terence","GA",1,2239.5,0.276270136307311,3731,0,1,0,0,"Boy2Girl"
"113",722,0,0,2,1,2.33804213135069,0,307,"Fischer, Debbie Reed","PA",0,4218,-1.62372986369269,3600,0,0,0,0,"Braless in Wonderland"
"114",244,1,0,-17.4,1,5.13804213135069,1,308,"Huxley, Aldous","ID",0,3194,-2.32372986369269,3487,0,0,0,0,"Brave New World"
"115",724,0,0,2,1,2.33804213135069,0,312,"Winton, Tim","PA",0,4218,-1.62372986369269,3600,0,0,0,0,"Breath"
"116",870,0,0,-1.7,0,1.93804213135068,1,316,"Paterson, Katherine","VA",0,11296,5.47627013630731,1917,0,1,0,0,"Bridge to Terabithia"
"117",10,1,0,-13.2,0,-4.26195786864932,0,318,"Koertge, Ron","AL",1,-5054,-5.02372986369269,2221,0,1,1,1,"Brimstone Journals, The"
"118",725,0,0,2,1,2.33804213135069,0,321,"Grimes, Nikki","PA",0,4218,-1.62372986369269,3600,0,0,0,0,"Bronx Masquerade"
"119",527,1,1,-0.7,0,3.43804213135068,0,329,"Cormier, Robert","OH",0,2469,-2.92372986369269,2848,0,0,0,0,"Bumblebee Flies Anyway, The"
"120",404,0,0,2.3,0,8.33804213135069,0,330,"Allard, Harry","MN",0,15378,3.37627013630731,50,1,0,0,0,"Bumps in the Night"
"121",135,0,0,-0.2,0,7.33804213135069,0,331,"Bahal, Aniruddha","CO",0,10346.5,8.67627013630731,1800,0,0,0,0,"Bunker 13"
"122",204,1,0,-6.8,1,-0.961957868649321,1,337,"Runyon, Brent","GA",0,2239.5,0.276270136307311,3307,0,1,0,0,"Burn Journals, The"
"123",599,0,0,4,0,5.53804213135068,0,340,"Blair, Jayson","OR",0,1274.5,1.07627013630731,1800,0,0,0,0,"Burning Down My Master's House"
"124",233,1,1,-17.4,0,5.13804213135069,1,342,"Pike, Christopher","ID",0,3194,-2.32372986369269,120,0,0,0,1,"Bury Me Deep"
"125",726,0,0,2,1,2.33804213135069,0,344,"Bildner, Phil","PA",0,4218,-1.62372986369269,3600,0,0,0,0,"Busted"
"126",340,0,0,-9.7,1,-4.76195786864932,0,345,"Brown, Marc","LA",0,-5120.5,-5.32372986369269,3600,0,0,1,0,"Buster's Sugartime"
"127",136,0,0,-0.2,0,7.33804213135069,0,346,"Schindel, John","CO",0,10346.5,8.67627013630731,1800,0,0,0,0,"Busy Penguins"
"128",130,0,0,-0.2,1,7.33804213135069,0,356,"Pilkey, Dav","CO",0,10346.5,8.67627013630731,3876,0,1,0,0,"Captain Underpants"
"129",377,0,0,3.8,0,3.83804213135069,0,356,"Pilkey, Dav","MI",1,2966,-2.22372986369269,1986,0,0,0,1,"Captain Underpants (series)"
"130",453,1,0,-10.4,0,4.33804213135069,0,356,"Pilkey, Dav","ND",0,-813,-2.02372986369269,905,0,1,0,0,"Captain Underpants and the Perilous Plot of Professor Poopypants"
"131",390,0,0,3.8,0,3.83804213135069,0,359,"Day, Alexandra","MI",0,2966,-2.22372986369269,653,0,0,0,0,"Carl Makes a Scrapbook"
"132",920,0,0,2.4,0,5.53804213135068,0,361,"Hyland, M.J.","WI",0,4234.5,-1.62372986369269,2759,0,0,0,1,"Carry Me Down"
"133",689,0,0,2,0,2.33804213135069,1,369,"Kaplow, Robert","PA",0,4218,-1.62372986369269,1675,0,1,0,0,"Cat Who Killed Lilian Jackson Braun, The"
"134",727,0,0,2,1,2.33804213135069,0,373,"Heller, Joseph","PA",0,4218,-1.62372986369269,3600,0,0,0,0,"Catch-22"
"135",728,0,0,2,1,2.33804213135069,0,374,"Salinger, J.D.","PA",0,4218,-1.62372986369269,3600,0,0,0,0,"Catcher in the Rye, The"
"136",234,1,1,-17.4,0,5.13804213135069,1,381,"Pike, Christopher","ID",0,3194,-2.32372986369269,120,0,0,0,1,"Chain Letter 2"
"137",898,0,0,13.4,1,6.83804213135069,1,383,"Hernandez, Gilbert","VT",0,8467,5.37627013630731,3213,0,0,0,0,"Chance in Hell"
"138",347,1,0,11.7,0,5.23804213135068,1,386,"DeMille, Nelson","MA",0,14048.5,9.17627013630731,0,0,0,0,0,"Charm School, The"
"139",413,0,0,-3.1,1,1.73804213135068,1,387,"Mac, Carrie","MO",0,1279.5,-2.42372986369269,3349,0,1,0,0,"Charmed"
"140",487,0,0,10.2,0,-0.461957868649321,1,388,"Dickey, Eric Jerome","NY",0,5007.5,3.37627013630731,2422,0,1,0,0,"Chasing Destiny"
"141",300,0,1,-6.2,1,2.53804213135068,0,397,"Crutcher, Chris","IN",0,1086.5,-4.62372986369269,3595,0,1,0,0,"Chinese Handcuffs"
"142",220,0,1,1,0,6.53804213135068,0,399,"Cormier, Robert","IA",0,3921.5,-2.82372986369269,75,0,0,0,0,"Chocolate War, The"
"143",374,0,0,3.8,1,3.83804213135069,0,405,"Perrault, Charles","MI",0,2966,-2.22372986369269,3190,0,0,0,1,"Cinderella, Puss in Boots, and Other Favorite Tales"
"144",693,0,0,2,NA,2.33804213135069,1,408,"Rice, Anne","PA",0,4218,-1.62372986369269,NA,0,0,0,0,"Claiming of Sleeping Beauty, The"
"145",633,0,0,4,0,5.53804213135068,0,411,"Ginsburg, Mirra","OR",0,1274.5,1.07627013630731,510,0,0,0,1,"Clay Boy"
"146",730,0,0,2,1,2.33804213135069,0,414,"Olmstead, Robert","PA",0,4218,-1.62372986369269,3600,0,0,0,0,"Coal Black Horse"
"147",171,0,0,7.1,0,4.43804213135068,1,416,"Sinclair, April","CT",0,16247.5,7.37627013630731,480,0,1,0,0,"Coffee Will Make You Black"
"148",634,0,0,4,0,5.53804213135068,0,417,"DeFelice, Cynthia","OR",0,1274.5,1.07627013630731,510,0,0,0,1,"Cold Feet"
"149",432,1,1,-4.3,0,-1.46195786864932,1,418,"Pike, Christopher","NC",0,-310,-1.52372986369269,1050,0,1,0,1,"Cold One, The"
"150",687,0,0,2,0,2.33804213135069,1,419,"Souljah, Sister","PA",0,4218,-1.62372986369269,2093,0,1,0,0,"Coldest Winter Ever, The"
"151",240,0,0,-17.4,0,5.13804213135069,1,421,"Walker, Alice","ID",0,3194,-2.32372986369269,3090,0,1,1,0,"Color Purple, The"
"152",479,0,0,2.4,0,-0.66195786864931,0,423,NA,"NM",0,-2401.5,-0.52372986369269,517,0,0,0,0,"Combat & Survival (series)"
"153",600,0,0,4,0,5.53804213135068,0,424,"Borhek, Mary","OR",0,1274.5,1.07627013630731,1800,0,0,1,0,"Coming Out to Parents"
"154",359,0,0,3.8,0,3.83804213135069,0,425,"Herder, Dale","MI",0,2966,-2.22372986369269,2511,0,0,0,0,"Commonsense Rediscovered"
"155",165,0,0,-0.2,0,7.33804213135069,0,426,"N/A","CO",0,10346.5,8.67627013630731,1425,0,0,0,0,"Complete Idiot's Guide to Day Trading"
"156",601,0,0,4,0,5.53804213135068,0,428,"Hogan, Steve","OR",0,1274.5,1.07627013630731,1800,0,0,1,0,"Completely Queer: the Gay & Lesbian Encyclopedia"
"157",586,0,0,4,0,5.53804213135068,0,435,"Holly, Emma","OR",0,1274.5,1.07627013630731,2088,0,0,0,0,"Cooking Up a Storm"
"158",44,0,0,7.4,0,-2.76195786864932,0,436,"Chapman, Dawn","CA",0,10119,2.57627013630731,1697,0,0,0,0,"Cool Women"
"159",732,0,0,2,1,2.33804213135069,0,438,"Draper, Sharon","PA",0,4218,-1.62372986369269,3600,0,0,0,0,"Copper Sun"
"160",107,0,0,-0.2,0,7.33804213135069,0,439,"Gavin, Jamila","CO",0,10346.5,8.67627013630731,1800,0,0,0,1,"Coram Boy"
"161",195,0,0,-1.8,0,0.33804213135069,0,443,"Naifeh, Ted","FL",0,372,-1.72372986369269,2399,0,1,0,0,"Courtney Crumrin and the Night Things"
"162",108,0,0,-0.2,0,7.33804213135069,0,445,"Wolf, Bernard","CO",0,10346.5,8.67627013630731,1800,0,1,0,0,"Cowboy"
"163",464,1,0,1.6,1,7.83804213135069,0,447,"Lippman, Laura","NH",0,17303,4.67627013630731,3509,0,0,0,0,"Crack Cocaine Diet, The"
"164",196,0,0,-1.8,0,0.33804213135069,1,450,"Sidhwa, Bapsi","FL",0,372,-1.72372986369269,2352,0,0,0,0,"Cracking India"
"165",419,1,0,-3.1,1,1.73804213135068,1,452,"Hopkins, Ellen","MO",0,1279.5,-2.42372986369269,3835,0,0,0,0,"Crank"
"166",286,1,0,-6.2,0,2.53804213135068,1,453,"Childress, Mark","IN",0,1086.5,-4.62372986369269,270,0,1,0,1,"Crazy in Alabama"
"167",172,1,0,7.1,0,4.43804213135068,1,456,"Lebert, Benjamin","CT",0,16247.5,7.37627013630731,515,0,0,0,0,"Crazy: A Novel"
"168",304,0,1,-11.5,0,6.43804213135068,0,462,"Schwartz, Alvin","KS",0,144.5,1.77627013630731,538,1,1,0,1,"Cross Your Fingers, Spit in Your Hat"
"169",93,0,0,-0.2,0,7.33804213135069,1,470,"King, Steven","CO",0,10346.5,8.67627013630731,1440,0,0,0,1,"Cujo"
"170",569,0,0,4,1,5.53804213135068,0,474,"Haddon, Mark","OR",0,1274.5,1.07627013630731,3249,0,1,0,0,"Curious Incident of the Dog in the Night-Time, The"
"171",734,0,0,2,1,2.33804213135069,0,477,"McCormick, Patricia","PA",0,4218,-1.62372986369269,3600,0,0,0,0,"Cut"
"172",387,0,0,3.8,0,3.83804213135069,0,480,"Brown, Dan","MI",0,2966,-2.22372986369269,1730,0,0,0,0,"Da Vinci Code, The"
"173",122,0,0,-0.2,0,7.33804213135069,0,484,"Willhoite, Michael","CO",0,10346.5,8.67627013630731,1425,0,0,1,0,"Daddy's Roommate"
"174",664,0,0,4,0,5.53804213135068,0,485,"Willhoite, Michael","OR",0,1274.5,1.07627013630731,180,0,0,1,0,"Daddy's Wedding"
"175",547,0,0,-16.9,0,1.03804213135068,0,482,"Boyd, Candy","OK",0,-3087.5,-3.72372986369269,1917,0,0,0,1,"Daddy, Daddy Be There"
"176",916,0,0,2.4,1,5.53804213135068,1,487,"Jenkis, A.M.","WI",0,4234.5,-1.62372986369269,3609,0,0,0,0,"Damage"
"177",111,0,0,-0.2,0,7.33804213135069,1,488,"Plummer, Louise","CO",0,10346.5,8.67627013630731,1440,0,0,0,0,"Dance for Three"
"178",593,0,0,4,0,5.53804213135068,0,491,"Cirrone, Dorian","OR",0,1274.5,1.07627013630731,1907,0,0,0,0,"Dancing in Red Shoes Will Kill You"
"179",665,0,0,4,0,5.53804213135068,0,495,"Wallace, Bill","OR",0,1274.5,1.07627013630731,180,0,0,0,0,"Danger in Quicksand Swamp"
"180",123,0,0,-0.2,0,7.33804213135069,1,498,"Juno, Andrea","CO",0,10346.5,8.67627013630731,1425,0,0,0,1,"Dangerous Drawings"
"181",254,1,1,7.7,1,1.83804213135069,1,501,"Naylor, Phyllis Reynolds","IL",0,6489.5,2.07627013630731,3155,0,0,0,0,"Dangerously Alice"
"182",820,0,0,2,0,2.33804213135069,1,503,"Hamilton, Laurell K.","PA",0,4218,-1.62372986369269,2699,0,0,0,0,"Danse Macabre"
"183",931,0,0,-19.7,0,8.33804213135069,1,505,"Koontz, Dean","WY",0,4081.5,-2.12372986369269,2893,0,0,0,0,"Darkest Night of the Year"
"184",892,0,0,-1.7,0,1.93804213135068,0,510,"Duncan, Lois","VA",0,11296,5.47627013630731,180,0,0,0,0,"Daughters of Eve"
"185",263,1,0,7.7,0,1.83804213135069,0,511,"Heinlein, Robert A.","IL",0,6489.5,2.07627013630731,3127,0,0,0,0,"Day After Tomorrow, The"
"186",425,0,0,-7.1,1,7.63804213135069,1,512,"Jackson, Jon A.","MT",0,-6482,0.376270136307308,3365,0,1,0,0,"Dead Folks"
"187",232,1,1,-17.4,1,5.13804213135069,0,515,"Crutcher, Chris","ID",0,3194,-2.32372986369269,3595,0,1,1,0,"Deadline"
"188",29,1,0,-6.1,0,1.43804213135068,1,516,"Drill, Esther","AZ",0,3490.5,-0.52372986369269,1800,0,0,0,0,"Deal With It!"
"189",735,0,0,2,1,2.33804213135069,0,518,"Kilbourne, Christina","PA",0,4218,-1.62372986369269,3600,0,0,0,0,"Dear Jo"
"190",588,0,0,4,0,5.53804213135068,0,522,"Abu-Jamal, Mumia","OR",0,1274.5,1.07627013630731,2010,0,0,0,0,"Death Blossoms"
"191",185,0,1,-1.8,0,0.33804213135069,1,527,"Blume, Judy","FL",0,372,-1.72372986369269,1472,0,0,0,0,"Deenie"
"192",102,1,0,-0.2,0,7.33804213135069,1,528,"Morris, Johnny","CO",0,10346.5,8.67627013630731,1425,0,0,0,1,"Delilah"
"193",688,0,0,2,0,2.33804213135069,1,539,"Tyree, Omar","PA",0,4218,-1.62372986369269,2093,0,1,0,0,"Diary of a Groupie"
"194",531,1,0,-0.7,0,3.43804213135068,0,543,"Gettings, Fred","OH",0,2469,-2.92372986369269,120,1,0,0,0,"Dictionary of Demons"
"195",198,0,0,-1.8,0,0.33804213135069,1,546,"King, Stephen","FL",0,372,-1.72372986369269,720,0,0,0,0,"Different Seasons"
"196",323,0,0,-10.4,0,-5.46195786864932,0,551,"Timberlake, Amy","KY",1,-5880.5,-6.92372986369269,1917,0,0,0,0,"Dirty Cowboy, The"
"197",344,0,0,11.7,0,5.23804213135068,0,557,"Paulsen, Gary","MA",0,14048.5,9.17627013630731,480,0,0,0,1,"Dogsong"
"198",405,0,0,2.3,NA,8.33804213135069,0,559,"Burgess, Melvin","MN",0,15378,3.37627013630731,NA,0,1,0,0,"Doing It"
"199",919,0,0,2.4,1,5.53804213135068,1,560,"Pardes, Bronwen","WI",0,4234.5,-1.62372986369269,3731,0,0,0,0,"Doing It Right:  Making Smart, Safe, and Satisfying Choices About Sex"
"200",51,0,0,7.4,0,-2.76195786864932,0,562,"Wright, Betty","CA",0,10119,2.57627013630731,1697,0,0,0,1,"Doll House Murders"
"201",736,0,0,2,1,2.33804213135069,0,565,"Fraustino, Lisa Rowe","PA",0,4218,-1.62372986369269,3600,0,0,0,0,"Don't Cramp My Style"
"202",71,0,0,7.4,0,-2.76195786864932,1,567,"Haddix, Margaret Peterson","CA",0,10119,2.57627013630731,1560,0,1,0,0,"Don't You Dare Read This, Mrs. Dunphrey"
"203",205,1,0,-6.8,0,-0.961957868649321,1,570,"Stine, R.L.","GA",0,2239.5,0.276270136307311,1472,0,0,0,1,"Double Date"
"204",330,1,0,-9.7,1,-4.76195786864932,0,572,"Drake, Ernest","LA",0,-5120.5,-5.32372986369269,3189,1,0,0,0,"Dr. Ernest Drake's Dragonology:  The Complete Book of Dragons"
"205",636,0,0,4,0,5.53804213135068,1,573,"Westheimer, Dr. Ruth","OR",0,1274.5,1.07627013630731,510,0,0,0,0,"Dr. Ruth Talks to Kids"
"206",451,0,0,-4.3,0,-1.46195786864932,1,579,"Anthony, Piers","NC",0,-310,-1.52372986369269,480,0,0,0,0,"Dragon on a Pedestal"
"207",564,1,0,4,0,5.53804213135068,0,584,"Grimsley, Jim","OR",0,1274.5,1.07627013630731,510,0,0,1,0,"Dream Boy"
"208",829,1,0,-7.8,0,-3.26195786864932,0,591,"Greene, Bette","SC",0,-2191.5,-3.62372986369269,832,0,1,1,1,"Drowning of Stephen Jones, The"
"209",540,0,0,-16.9,0,1.03804213135068,0,600,"Burroughs, Augusten","OK",0,-3087.5,-3.72372986369269,1800,0,1,1,0,"Dry"
"210",737,0,0,2,1,2.33804213135069,0,607,"Mackler, Carolyn","PA",0,4218,-1.62372986369269,3600,0,0,0,0,"Earth, My Butt and Other Big Round Things, The"
"211",738,0,1,2,1,2.33804213135069,0,608,"Steinbeck, John","PA",0,4218,-1.62372986369269,3600,0,0,0,0,"East of Eden"
"212",191,1,0,-1.8,0,0.33804213135069,1,610,"Javin, Linda","FL",0,372,-1.72372986369269,1380,0,0,0,0,"Eat Me"
"213",620,0,0,4,0,5.53804213135068,1,611,"Block, Francesca Lia","OR",0,1274.5,1.07627013630731,990,0,0,0,0,"Echo"
"214",137,0,0,-0.2,0,7.33804213135069,0,627,"Anderson, Hans Christian","CO",0,10346.5,8.67627013630731,1800,0,0,0,0,"Emperor's New Clothes, The"
"215",91,1,0,-0.2,0,7.33804213135069,0,628,"Ryan, Sara","CO",0,10346.5,8.67627013630731,1440,0,1,1,0,"Empress of the World"
"216",169,0,0,7.1,0,4.43804213135068,1,629,"Chilton, Ida","CT",0,16247.5,7.37627013630731,1560,1,0,0,1,"Empty Grave, The"
"217",739,0,0,2,1,2.33804213135069,0,635,"Jensen, Derrick","PA",0,4218,-1.62372986369269,3600,0,0,0,0,"Endgame"
"218",740,0,0,2,1,2.33804213135069,0,636,"Brown, Sandra","PA",0,4218,-1.62372986369269,3600,0,0,0,0,"Envy"
"219",617,0,0,4,0,5.53804213135068,1,637,"Senders, N.K.","OR",0,1274.5,1.07627013630731,1020,0,0,0,0,"Epic of Gilgamesh"
"220",741,0,0,2,1,2.33804213135069,0,644,"Bainbridge, Beryl","PA",0,4218,-1.62372986369269,3600,0,0,0,0,"Every Many for Himself"
"221",208,0,0,-6.8,0,-0.961957868649321,0,653,"Lynch, Chris","GA",0,2239.5,0.276270136307311,1364,0,1,0,0,"Extreme Elvin"
"222",262,1,0,7.7,1,1.83804213135069,0,656,"Cooney, Caroline B.","IL",0,6489.5,2.07627013630731,3247,0,0,0,0,"Face on the Milk Carton, The"
"223",863,1,0,-1.7,0,1.93804213135068,1,657,"Cole, Brock","VA",0,11296,5.47627013630731,2913,0,0,0,0,"Facts Speak for Themselves, The"
"224",364,1,0,3.8,1,3.83804213135069,0,659,"Brennan, Herbie","MI",0,2966,-2.22372986369269,3176,0,0,1,0,"Faerie Wars"
"225",589,0,0,4,0,5.53804213135068,0,661,"Moore, Michael","OR",0,1274.5,1.07627013630731,2010,0,0,0,0,"Fahrenheit 911"
"226",314,1,0,-11.5,0,6.43804213135068,0,663,"Myers, Walter Dean","KS",0,144.5,1.77627013630731,2104,0,0,0,0,"Fallen Angels"
"227",893,0,0,13.4,1,6.83804213135069,0,670,"Lukeman, Alan","VT",0,8467,5.37627013630731,3224,1,0,0,1,"Fangoria's 101 Best Horror Movies You've Never Seen:  A Celebration of the World's Most Unheralded Fright Flicks"
"228",475,0,0,4.4,0,2.53804213135068,0,674,"Newman, Leslea","NJ",0,19935.5,5.77627013630731,480,0,0,0,0,"Fat Chance"
"229",699,1,0,2,0,2.33804213135069,0,675,"Going, K.L.","PA",0,4218,-1.62372986369269,2452,0,1,0,0,"Fat Kid Rules the World"
"230",912,0,0,5,0,7.53804213135068,0,677,"Briggs, Raymond","WA",0,9907.5,3.67627013630731,1924,0,0,0,0,"Father Christmas"
"231",742,0,0,2,1,2.33804213135069,0,682,"Anderson, M.T.","PA",0,4218,-1.62372986369269,3600,0,0,0,0,"Feed"
"232",491,0,0,10.2,NA,-0.461957868649321,1,683,"Moriarty, Jaclyn","NY",0,5007.5,3.37627013630731,NA,0,0,0,0,"Feeling Sorry for Celia"
"233",188,1,0,-1.8,1,0.33804213135069,0,687,"Avi","FL",0,372,-1.72372986369269,3221,0,1,0,0,"Fighting Ground, The"
"234",503,0,0,10.2,0,-0.461957868649321,0,689,"Humphry, Derek","NY",0,5007.5,3.37627013630731,2106,0,0,0,0,"Final Exit"
"235",28,0,0,-6.1,0,1.43804213135068,1,695,"Abner, Allison","AZ",0,3490.5,-0.52372986369269,871,0,0,0,0,"Finding Our Way--The Teen Girl Survival Guide"
"236",637,0,0,4,0,5.53804213135068,0,696,"Castaneda, Carlos","OR",0,1274.5,1.07627013630731,510,0,1,0,0,"Fire From Within, The"
"237",299,1,0,-6.2,0,2.53804213135068,1,708,"Thom, James Alexander","IN",0,1086.5,-4.62372986369269,840,0,0,0,0,"Follow the River"
"238",602,0,0,4,0,5.53804213135068,0,710,"Morris, John D.","OR",0,1274.5,1.07627013630731,1800,0,0,0,0,"Footprints in the Ash"
"239",743,0,0,2,1,2.33804213135069,0,711,"Hemingway, Ernest","PA",0,4218,-1.62372986369269,3600,0,0,0,0,"For Whom the Bell Tolls"
"240",112,0,1,-0.2,0,7.33804213135069,1,712,"Blume, Judy","CO",0,10346.5,8.67627013630731,1440,0,0,0,0,"Forever"
"241",544,0,0,-16.9,0,1.03804213135068,1,714,"Bagdasarian, Adam","OK",0,-3087.5,-3.72372986369269,3014,0,0,0,0,"Forgotten Fire"
"242",518,0,0,-0.7,0,3.43804213135068,0,717,"Rothbart, Davy","OH",1,2469,-2.92372986369269,2432,0,1,0,0,"Found:  The Best Lost, Tossed, and Forgotten Items From Around the World"
"243",638,0,0,4,0,5.53804213135068,0,722,"Woodring, Jim","OR",0,1274.5,1.07627013630731,510,0,0,0,1,"Frank: Volume Two"
"244",274,0,0,7.7,0,1.83804213135069,1,724,"Levitt, Steven D.","IL",0,6489.5,2.07627013630731,2309,0,0,0,0,"Freakonomics"
"245",678,0,0,2,0,2.33804213135069,0,725,"Rodgers, Mary","PA",1,4218,-1.62372986369269,839,0,1,0,0,"Freaky Friday"
"246",667,0,0,4,0,5.53804213135068,0,726,"Sweeney, Joyce","OR",0,1274.5,1.07627013630731,180,0,1,0,0,"Free Fall"
"247",212,0,0,-6.8,0,-0.961957868649321,0,728,"Bass, Ellen","GA",0,2239.5,0.276270136307311,2699,0,0,1,0,"Free Your Mind: The Book for Gay, Lesbian, and Bisexual Youth"
"248",456,0,0,-10.4,1,4.33804213135069,0,738,"Lupica, Mike","ND",0,-813,-2.02372986369269,3224,0,1,0,0,"Full Court Press"
"249",65,0,0,7.4,1,-2.76195786864932,0,739,"Levithan, David (ed.) and Billy Merrell (ed.)","CA",0,10119,2.57627013630731,3508,0,0,1,0,"Full Spectrum:  A New Generation of Writing About Gay, Lesbian, Bisexual, Transgender, Questioning, and Other Identities, The"
"250",489,1,0,10.2,1,-0.461957868649321,1,740,"Bechdel, Alison","NY",0,5007.5,3.37627013630731,3862,0,0,1,0,"Fun Home"
"251",109,0,0,-0.2,0,7.33804213135069,0,742,"Mark, Jan & Bayley, Nicola","CO",0,10346.5,8.67627013630731,1800,0,0,0,1,"Fun with Mrs. Thumb"
"252",138,0,0,-0.2,0,7.33804213135069,0,747,"Davis, Jim","CO",0,10346.5,8.67627013630731,1800,0,1,0,0,"Garfield: His Nine Lives"
"253",668,0,0,4,0,5.53804213135068,0,750,"Jay, Michael","OR",0,1274.5,1.07627013630731,180,0,0,1,0,"Gay Love Signs"
"254",854,0,0,-8.7,1,-3.66195786864931,0,752,"Mukerji, Dhan Gopal","TN",0,-2995.5,-4.42372986369269,3860,0,0,0,0,"Gay-Neck:  The Story of a Pigeon"
"255",909,1,0,5,0,7.53804213135068,0,754,"Hartinger, Brent","WA",0,9907.5,3.67627013630731,2121,0,0,1,0,"Geography Club"
"256",929,0,0,-19.7,1,8.33804213135069,0,755,"Morris, Dr. John D.","WY",0,4081.5,-2.12372986369269,3777,0,0,0,0,"Geology Book, The"
"257",266,0,0,7.7,1,1.83804213135069,0,758,"Crowe, Chris","IL",0,6489.5,2.07627013630731,3266,0,0,0,1,"Getting Away With Murder:  The True Story of the Emmett Till Case"
"258",409,0,0,2.3,0,8.33804213135069,1,761,"Ringo, John","MN",0,15378,3.37627013630731,2399,0,0,0,0,"Ghost"
"259",412,1,0,-3.1,0,1.73804213135068,0,766,"Mowry, Jess","MO",0,1279.5,-2.42372986369269,1979,0,1,0,1,"Ghost Train"
"260",5,0,0,-13.4,1,8.73804213135068,0,764,"Masamune, Shirow","AK",0,15707.5,0.676270136307309,3197,0,0,0,0,"Ghost in the Shell"
"261",139,0,0,-0.2,0,7.33804213135069,0,779,"Norman, Howard","CO",0,10346.5,8.67627013630731,1800,0,0,0,0,"Girl Who Dreamed Only Geese and Other Stories of the Far North, The"
"262",492,0,0,10.2,1,-0.461957868649321,1,783,"Kaysen, Susanna","NY",0,5007.5,3.37627013630731,3217,0,1,0,0,"Girl, Interrupted"
"263",865,0,0,-1.7,1,1.93804213135068,1,786,"American Medical Association","VA",0,11296,5.47627013630731,3391,0,0,0,0,"Girls Guide to Becoming a Teen"
"264",745,0,1,2,1,2.33804213135069,0,716,"Lowry, Lois","PA",0,4218,-1.62372986369269,3600,0,0,0,0,"Giver, The"
"265",416,1,0,-3.1,1,1.73804213135068,1,717,"Hopkins, Ellen","MO",0,1279.5,-2.42372986369269,3835,0,0,0,0,"Glass"
"266",351,0,0,8.5,1,4.23804213135068,1,718,"Walls, Jeannette","MD",1,19404.5,7.37627013630731,3871,0,1,0,0,"Glass Castle, The"
"267",216,0,0,1,NA,6.53804213135068,1,722,"Anonymous","IA",0,3921.5,-2.82372986369269,NA,0,1,0,0,"Go Ask Alice"
"268",746,0,0,2,1,2.33804213135069,0,723,"Baldwin, James","PA",0,4218,-1.62372986369269,3600,0,0,0,0,"Go Tell it on the Mountain"
"269",927,0,0,-7.9,0,-4.36195786864931,1,721,"Abelove, Joan","WV",0,-7290,-9.22372986369269,169,0,0,0,0,"Go and Come Back"
"270",747,0,0,2,1,2.33804213135069,0,724,"Sanchez, Alex","PA",0,4218,-1.62372986369269,3600,0,0,0,0,"God Box, The"
"271",748,0,0,2,1,2.33804213135069,0,725,"Rylant, Cynthia","PA",0,4218,-1.62372986369269,3600,0,0,0,0,"God Went to Beauty School"
"272",39,1,0,7.4,0,-2.76195786864932,0,727,"Muten, Burleigh","CA",0,10119,2.57627013630731,1697,1,0,0,0,"Goddesses: A World of Myth and Magic"
"273",336,1,1,-9.7,1,-4.76195786864932,0,730,"Pullman, Philip","LA",0,-5120.5,-5.32372986369269,3189,0,0,0,0,"Golden Compass, The"
"274",166,0,0,-0.2,0,7.33804213135069,0,731,"Sandison, David","CO",0,10346.5,8.67627013630731,1425,0,0,0,0,"Golden Years - 1950"
"275",750,0,0,2,1,2.33804213135069,0,733,"Mitchell, Margaret","PA",0,4218,-1.62372986369269,3600,0,0,0,0,"Gone With the Wind"
"276",325,1,0,-10.4,0,-5.46195786864932,0,739,"Stine, R.L.","KY",0,-5880.5,-6.92372986369269,53,0,0,0,1,"Goosebumps (series)"
"277",178,0,0,-1.8,1,0.33804213135069,1,741,"Von Ziegesar, Cecily","FL",0,372,-1.72372986369269,3805,0,1,0,0,"Gossip Girl (series)"
"278",695,0,0,2,1,2.33804213135069,1,743,"Rucka, Greg","PA",0,4218,-1.62372986369269,3312,0,0,1,0,"Gotham Central:  The Quick & the Dead"
"279",751,0,1,2,1,2.33804213135069,0,745,"Steinbeck, John","PA",0,4218,-1.62372986369269,3600,0,0,0,0,"Grapes of Wrath, The"
"280",752,0,0,2,1,2.33804213135069,0,750,"Fitzgerald, F. Scott","PA",0,4218,-1.62372986369269,3600,0,0,0,0,"Great Gatsby, The"
"281",443,0,0,-4.3,1,-1.46195786864932,0,753,NA,"NC",0,-310,-1.52372986369269,3798,0,0,0,0,"Green Bible"
"282",856,0,0,-8.7,0,-3.66195786864931,0,756,"Gardner, John","TN",0,-2995.5,-4.42372986369269,480,0,0,0,0,"Grendel"
"283",74,0,0,7.4,0,-2.76195786864932,0,757,"Cooper, Susan","CA",0,10119,2.57627013630731,52,1,0,0,1,"Grey King, The"
"284",40,0,0,7.4,1,-2.76195786864932,1,759,"Peters, Julie Anne","CA",0,10119,2.57627013630731,3508,0,0,1,0,"Grl2grl"
"285",293,0,0,-6.2,0,2.53804213135068,0,762,"Fox, Mem","IN",0,1086.5,-4.62372986369269,1050,0,0,0,0,"Guess What?"
"286",669,0,0,4,0,5.53804213135068,0,763,"Joannides, Paul","OR",0,1274.5,1.07627013630731,180,0,0,0,0,"Guide to Getting It On, The"
"287",844,0,0,-8.9,0,5.03804213135068,1,768,"Roberts, J.R.","SD",0,785,-2.52372986369269,1050,0,0,0,0,"Gunsmith: Mississippi Massacre, The"
"288",640,0,0,4,0,5.53804213135068,0,769,"Bourne, Malcolm","OR",0,1274.5,1.07627013630731,510,0,0,0,0,"Gustav: Paranormal Investigator"
"289",424,0,0,-7.1,NA,7.63804213135069,1,770,"Jukes, Mavis","MT",0,-6482,0.376270136307308,NA,0,0,0,0,"Guy Book:  An Owner's Manual, The"
"290",896,0,0,13.4,1,6.83804213135069,1,773,"Ha, Thu Huong","VT",0,8467,5.37627013630731,3224,0,0,0,0,"Hail Caesar"
"291",641,0,0,4,0,5.53804213135068,0,774,"Cole, Babette","OR",0,1274.5,1.07627013630731,510,0,0,0,0,"Hair in Funny Places"
"292",488,0,0,10.2,0,-0.461957868649321,0,851,"Merriam, Eve","NY",0,5007.5,3.37627013630731,315,1,0,0,1,"Halloween ABC"
"293",753,0,0,2,1,2.33804213135069,0,855,"Atwood Margaret","PA",0,4218,-1.62372986369269,3600,0,0,0,0,"Handmaids, Tale, The"
"294",754,0,0,2,1,2.33804213135069,0,857,"Holmes, Melisa","PA",0,4218,-1.62372986369269,3600,0,0,0,0,"Hang-Ups, Hook-Ups, and Holding Out"
"295",423,1,0,-9.5,0,-6.66195786864931,0,861,"Norton, Jim","MS",0,-8466.5,-7.12372986369269,2807,0,0,0,0,"Happy Endings:  The Tales of a Meaty-Breasted Zilch"
"296",519,0,0,-0.7,1,3.43804213135068,1,862,"Lobdell, Scott","OH",0,2469,-2.92372986369269,3807,0,0,0,0,"Hardy Boys Undercover Brothers:  The Opposite Numbers"
"297",670,0,0,4,0,5.53804213135068,0,863,"Mailer, Norman","OR",0,1274.5,1.07627013630731,180,0,0,0,0,"Harlot's Ghost"
"298",430,0,0,-7.1,0,7.63804213135069,0,865,"Paulsen, Gary","MT",0,-6482,0.376270136307308,223,0,1,0,0,"Harris and Me"
"299",924,0,1,2.4,0,5.53804213135068,0,868,"Rowling, J.K.","WI",0,4234.5,-1.62372986369269,273,1,0,0,0,"Harry Potter (series)"
"300",381,1,1,3.8,0,3.83804213135069,0,868,"Rowling, J.K.","MI",0,2966,-2.22372986369269,60,1,0,0,0,"Harry Potter and the Chamber of Secrets"
"301",394,0,1,2.3,0,8.33804213135069,0,868,"Rowling, J.K.","MN",1,15378,3.37627013630731,50,0,1,0,1,"Harry Potter and the Prisoner of Azkaban"
"302",383,1,1,3.8,0,3.83804213135069,0,868,"Rowling, J.K.","MI",0,2966,-2.22372986369269,60,1,0,0,0,"Harry Potter and the Sorcerer's Stone"
"303",66,0,0,7.4,1,-2.76195786864932,0,881,"Garden, Nancy","CA",0,10119,2.57627013630731,3508,0,0,1,0,"Hear Us Out:  Lesbian and Gay Stories of Struggle, Progress, and Hope"
"304",590,0,0,4,0,5.53804213135068,0,888,NA,"OR",0,1274.5,1.07627013630731,1958,0,0,0,0,"Hellboy Junior"
"305",574,0,0,4,0,5.53804213135068,0,891,"Reuss, Fredrick","OR",1,1274.5,1.07627013630731,510,0,0,0,0,"Henry of Atlantic City"
"306",894,0,0,13.4,1,6.83804213135069,0,892,"Levine, Ellen","VT",0,8467,5.37627013630731,3681,0,0,0,0,"Henry's Freedom Box"
"307",853,1,1,-8.7,0,-3.66195786864931,0,895,"Blume, Judy","TN",0,-2995.5,-4.42372986369269,990,0,0,0,0,"Here's to You, Rachel Robinson"
"308",61,1,0,7.4,0,-2.76195786864932,0,898,"Camacho, Julian Segura","CA",0,10119,2.57627013630731,3142,0,0,0,0,"Higher Education as Ignorance"
"309",395,1,0,2.3,0,8.33804213135069,0,900,"Packer, Alex J.","MN",0,15378,3.37627013630731,1597,1,0,0,0,"Highs! Over 150 Ways to Feel Really Good Without Alcohol or Drugs"
"310",605,0,0,4,0,5.53804213135068,1,902,"James, Samantha","OR",0,1274.5,1.07627013630731,1426,0,0,0,0,"His Wicked Ways"
"311",755,0,0,2,1,2.33804213135069,0,903,"Fielding, Henry","PA",0,4218,-1.62372986369269,3600,0,0,0,0,"History of Tom Jones, The"
"312",534,0,0,-0.7,0,3.43804213135068,0,907,"Sachar, Louis","OH",0,2469,-2.92372986369269,480,0,0,0,0,"Holes"
"313",506,0,0,-0.7,0,3.43804213135068,1,909,"Various","OH",1,2469,-2.92372986369269,2879,1,1,0,0,"Holy Bible"
"314",621,0,0,4,0,5.53804213135068,0,911,"Peres de Costa, Sunesta","OR",0,1274.5,1.07627013630731,990,0,0,0,0,"Homework"
"315",442,0,0,-4.3,1,-1.46195786864932,0,917,"Hiaasen, Carl","NC",0,-310,-1.52372986369269,3891,0,0,0,0,"Hoot"
"316",429,0,0,-7.1,0,7.63804213135069,0,920,"Chulton-Brock, Julie","MT",0,-6482,0.376270136307308,1560,0,0,0,0,"Horse"
"317",460,0,0,1.6,1,7.83804213135069,1,924,"Irving, John","NH",0,17303,4.67627013630731,3179,0,0,0,0,"Hotel New Hampshire, The"
"318",115,0,0,-0.2,0,7.33804213135069,1,925,"Marsh, Jean","CO",0,10346.5,8.67627013630731,1426,0,0,0,0,"House of Eliott"
"319",1,0,0,-13.4,0,8.73804213135068,1,927,"Allende, Isabel","AK",0,15707.5,0.676270136307309,1917,1,1,1,1,"House of the Spirits, The"
"320",124,0,0,-0.2,0,7.33804213135069,1,932,"Wabbes, Marie","CO",0,10346.5,8.67627013630731,1425,0,0,0,0,"How I Was Born"
"321",756,0,0,2,1,2.33804213135069,0,933,"Marks, Graham","PA",0,4218,-1.62372986369269,3600,0,0,0,0,"How It Works"
"322",4,0,0,-13.4,1,8.73804213135068,0,936,"Levithan, David","AK",0,15707.5,0.676270136307309,3200,0,0,0,0,"How They Met and Other Stories"
"323",875,1,0,-1.7,0,1.93804213135068,0,935,"Alvarez, Julia","VA",0,11296,5.47627013630731,510,0,0,0,0,"How the Garcia Girls Lost Their Accents"
"324",824,0,0,11.2,0,-1.56195786864932,1,938,"Clarke, Will","RI",0,8141,1.57627013630731,3014,0,1,0,0,"How to Kill A Boy That Nobody Likes"
"325",606,0,0,4,0,5.53804213135068,1,939,"Hodson, Phillip & Hooper, Anne","OR",0,1274.5,1.07627013630731,1426,0,0,0,0,"How to Make Great Love to a Man"
"326",60,1,0,7.4,0,-2.76195786864932,0,942,"Camacho, Julian Segura","CA",0,10119,2.57627013630731,3143,0,0,0,0,"Huevos y la Mujer Latina"
"327",150,0,0,-0.2,0,7.33804213135069,1,945,"Longman, Christina","CO",0,10346.5,8.67627013630731,1440,0,0,0,0,"Human Body, The"
"328",418,0,0,-3.1,0,1.73804213135068,1,950,"Wolfe, Tom","MO",0,1279.5,-2.42372986369269,2400,0,1,0,0,"I Am Charlotte Simmons"
"329",528,1,1,-0.7,0,3.43804213135068,0,952,"Cormier, Robert","OH",0,2469,-2.92372986369269,2848,0,0,0,0,"I Am the Cheese"
"330",876,1,0,-1.7,0,1.93804213135068,0,953,"Straight, Susan","VA",0,11296,5.47627013630731,510,0,0,0,0,"I Been In Sorrows Kitchen and Licked All the Pots"
"331",759,0,0,2,1,2.33804213135069,0,957,"Duncan, Lois","PA",0,4218,-1.62372986369269,3600,0,0,0,0,"I Know What You Did Last Summer"
"332",329,0,1,-10.4,0,-5.46195786864932,0,958,"Angelou, Maya","KY",0,-5880.5,-6.92372986369269,480,0,1,0,0,"I Know Why the Caged Bird Sings"
"333",642,0,0,4,0,5.53804213135068,0,963,"Opie, Iona and Peter Opie","OR",0,1274.5,1.07627013630731,510,0,0,0,0,"I Saw Esau"
"334",760,0,0,2,1,2.33804213135069,0,971,"Hopkins, Ellen","PA",0,4218,-1.62372986369269,3600,0,0,0,0,"Identical"
"335",260,1,0,7.7,1,1.83804213135069,1,974,"Calvino, Italo and William Weaver (translator)","IL",0,6489.5,2.07627013630731,3709,0,0,0,0,"If On a Winter's Night a Traveler"
"336",83,0,0,7.4,1,-2.76195786864932,1,977,"Reynolds, Marilyn","CA",0,10119,2.57627013630731,3301,0,0,0,0,"If You Loved Me"
"337",53,0,0,7.4,0,-2.76195786864932,0,975,"Smith, David","CA",1,10119,2.57627013630731,1696,0,0,0,0,"If the World Were a Village"
"338",538,1,0,-16.9,0,1.03804213135068,0,978,"Goble, Paul","OK",1,-3087.5,-3.72372986369269,2135,0,0,0,1,"Iktomi and the Coyote"
"339",476,0,0,4.4,0,2.53804213135068,0,980,"Bradbury, Ray","NJ",0,19935.5,5.77627013630731,480,0,0,0,0,"Illustrated Man, The"
"340",762,0,0,2,1,2.33804213135069,0,981,"Hopkins, Ellen","PA",0,4218,-1.62372986369269,3600,0,0,0,0,"Impulse"
"341",289,0,0,-6.2,1,2.53804213135068,1,983,"Mason, Bobbie Ann","IN",0,1086.5,-4.62372986369269,3309,0,1,0,0,"In Country"
"342",157,0,0,-0.2,0,7.33804213135069,0,984,"Horn, Stephen","CO",0,10346.5,8.67627013630731,1426,0,1,0,0,"In Her Defense"
"343",95,0,0,-0.2,0,7.33804213135069,1,985,"Haines, Lise","CO",0,10346.5,8.67627013630731,1426,0,1,1,0,"In My Sister's Country"
"344",671,0,1,4,0,5.53804213135068,0,982,"Schwartz, Alvin","OR",0,1274.5,1.07627013630731,180,0,0,0,0,"In a Dark, Dark Room and Other Scary Stories"
"345",13,1,0,-13.2,1,-4.26195786864932,0,988,"Lopez, Jack","AL",0,-5054,-5.02372986369269,3626,0,1,0,0,"In the Break"
"346",173,0,0,7.1,1,4.43804213135068,0,990,"McDonald, Brian","CT",0,16247.5,7.37627013630731,3525,0,0,0,1,"In the Middle of the Night"
"347",902,0,0,13.4,0,6.83804213135069,0,992,"Spiegelman, Art","VT",0,8467,5.37627013630731,2400,0,0,0,0,"In the Shadow of No Towers"
"348",504,0,0,10.2,0,-0.461957868649321,0,994,"Alvarez, Julia","NY",0,5007.5,3.37627013630731,268,0,0,0,0,"In the Time of Butterflies"
"349",886,0,0,-1.7,1,1.93804213135068,0,995,"French, Tana","VA",0,11296,5.47627013630731,3758,0,1,0,0,"In the Woods"
"350",763,0,0,2,1,2.33804213135069,0,997,"Lynch, Chris","PA",0,4218,-1.62372986369269,3600,0,0,0,0,"Inexcusable"
"351",246,1,0,7.7,1,1.83804213135069,0,1000,"Merriam, Eve","IL",0,6489.5,2.07627013630731,3697,0,1,0,1,"Inner City Mother Goose, The"
"352",398,0,0,2.3,0,8.33804213135069,0,1004,"Sleator, William","MN",0,15378,3.37627013630731,375,0,1,0,0,"Interstellar Pig"
"353",283,0,1,7.7,0,1.83804213135069,0,1009,"Crutcher, Chris","IL",0,6489.5,2.07627013630731,675,0,1,0,0,"Ironman"
"354",497,1,0,10.2,0,-0.461957868649321,0,1013,"Various","NY",0,5007.5,3.37627013630731,2799,0,0,0,0,"Islamic Religious Texts"
"355",480,1,0,2.4,0,-0.66195786864931,0,1017,"Touchette, Charleen","NM",0,-2401.5,-0.52372986369269,2109,0,0,0,0,"It Stops with Me: Memoir of a Canuck Girl"
"356",459,0,1,-13.5,1,7.03804213135068,1,1024,"Harris, Robie","NE",0,4927.5,-0.323729863692691,3343,0,0,0,0,"It's Not the Stork!:  A Book About Girls, Boys, Babies and Bodies"
"357",285,0,1,-6.2,0,2.53804213135068,1,1025,"Harris, Robie","IN",0,1086.5,-4.62372986369269,1917,0,0,1,0,"It's Perfectly Normal"
"358",247,1,0,7.7,1,1.83804213135069,1,1018,"Jukes, Mavis","IL",0,6489.5,2.07627013630731,3697,0,1,0,0,"It's a Girl Thing:  How to Stay Healthy, Safe and In Charge"
"359",643,0,0,4,0,5.53804213135068,0,1035,"Friesen, Gayle","OR",0,1274.5,1.07627013630731,510,0,0,0,0,"Janey's Girl"
"360",764,0,0,2,1,2.33804213135069,0,1036,"Davidson, Dana","PA",0,4218,-1.62372986369269,3600,0,0,0,0,"Jason & Kyra"
"361",607,0,0,4,0,5.53804213135068,0,1039,"Feldman, Jane","OR",0,1274.5,1.07627013630731,1426,0,0,0,0,"Jefferson's Children: The Story of One American Family"
"362",346,1,0,11.7,0,5.23804213135068,0,1042,"Haight, Roger","MA",0,14048.5,9.17627013630731,540,0,0,0,0,"Jesus, Symbol of God"
"363",495,1,0,10.2,1,-0.461957868649321,0,1043,"Jones, Sherry","NY",0,5007.5,3.37627013630731,3222,0,0,0,0,"Jewel of Medina, The"
"364",471,0,0,4.4,0,2.53804213135068,0,1052,"Rachell Pollack and Cheryl Schwartz","NJ",0,19935.5,5.77627013630731,2493,0,0,0,0,"Journey Out:  A Guide for and about Lesbian, Gay, and Bisexual Teens, The"
"365",427,0,0,-7.1,1,7.63804213135069,1,1054,"Silverstein, Dr. Charles and Felice Picano","MT",0,-6482,0.376270136307308,3179,0,0,1,0,"Joy of Gay Sex, The"
"366",310,1,0,-11.5,1,6.43804213135068,1,1055,"Comfort, Alex","KS",0,144.5,1.77627013630731,3289,0,0,0,0,"Joy of Sex, The"
"367",914,0,0,5,0,7.53804213135068,0,1056,"Walker, Margaret","WA",0,9907.5,3.67627013630731,480,0,1,0,0,"Jubilee"
"368",765,0,0,2,1,2.33804213135069,0,1060,"Sinclair, Upton","PA",0,4218,-1.62372986369269,3600,0,0,0,0,"Jungle, The"
"369",578,0,0,4,0,5.53804213135068,0,1061,"Park, Barbara","OR",0,1274.5,1.07627013630731,180,0,1,0,0,"Junie B. Jones and a Little Monkey Business"
"370",140,0,0,-0.2,0,7.33804213135069,0,1061,"Park, Barbara","CO",0,10346.5,8.67627013630731,1800,0,0,0,0,"Junie B. Jones is Captain Field Day"
"371",80,1,0,7.4,0,-2.76195786864932,1,1063,"Klein, Norma","CA",0,10119,2.57627013630731,120,0,0,0,0,"Just Friends"
"372",64,0,0,7.4,1,-2.76195786864932,0,1067,"Mathabane, Mark","CA",0,10119,2.57627013630731,3875,0,1,0,0,"Kaffir Boy"
"373",766,0,0,2,1,2.33804213135069,0,1069,"Peters, Julie Anne","PA",0,4218,-1.62372986369269,3600,0,0,0,0,"Keeping You A Secret"
"374",585,0,0,4,0,5.53804213135068,0,1071,"Roberts, Nora","OR",0,1274.5,1.07627013630731,2100,0,0,0,0,"Key of Valor"
"375",46,0,0,7.4,0,-2.76195786864932,0,1076,"Lewis, Barbara","CA",1,10119,2.57627013630731,1696,0,0,0,0,"Kid's Guide to Social Action"
"376",551,0,0,-16.9,0,1.03804213135068,1,1080,"Mosely, Walter","OK",0,-3087.5,-3.72372986369269,3014,0,0,0,0,"Killing Johnny Fry"
"377",622,0,0,4,0,5.53804213135068,0,1081,"Duncan, Lois","OR",0,1274.5,1.07627013630731,990,0,1,0,0,"Killing Mr. Griffin"
"378",877,1,0,-1.7,0,1.93804213135068,0,1082,"Bulter, Octavia","VA",0,11296,5.47627013630731,510,0,0,0,0,"Kindred"
"379",339,1,0,-9.7,0,-4.76195786864932,0,1083,"de Haan, Linda","LA",0,-5120.5,-5.32372986369269,1980,0,0,1,0,"King & King"
"380",878,1,0,-1.7,0,1.93804213135068,0,1085,"Renault, Mary","VA",0,11296,5.47627013630731,510,0,0,0,0,"King Must Die, The"
"381",3,0,0,-13.4,1,8.73804213135068,0,1087,"Pyle, Howard","AK",0,15707.5,0.676270136307309,3197,0,0,0,1,"King Stork"
"382",17,0,0,-13.2,1,-4.26195786864932,0,1088,"Kadohata, Cynthia","AL",0,-5054,-5.02372986369269,3240,0,1,0,0,"Kira-Kira"
"383",767,0,1,2,1,2.33804213135069,0,1090,"Myracle, Lauren","PA",0,4218,-1.62372986369269,3600,0,0,0,0,"Kissing Kate"
"384",261,1,0,7.7,1,1.83804213135069,1,1092,"Hosseini, Khaled","IL",0,6489.5,2.07627013630731,3487,0,0,0,0,"Kite Runner, The"
"385",218,0,0,1,0,6.53804213135068,1,148,"Rennison, Louise","IA",0,3921.5,-2.82372986369269,2759,0,0,1,0,"Knocked Out By My Nunga-Nungas"
"386",90,0,0,-0.2,0,7.33804213135069,1,1094,"Koehler, W.R.","CO",0,10346.5,8.67627013630731,1800,0,1,0,0,"Koehler Method of Dog Training, The"
"387",399,0,1,2.3,1,8.33804213135069,1,1097,"Myracle, Lauren","MN",0,15378,3.37627013630731,3273,0,0,0,0,"L8r, G8r"
"388",142,0,0,-0.2,0,7.33804213135069,1,1105,"Lussier, Paul","CO",0,10346.5,8.67627013630731,1800,0,0,0,0,"Last Refuge of Scoundrels"
"389",769,0,0,2,1,2.33804213135069,0,1103,"Cooper, James Fenimore","PA",0,4218,-1.62372986369269,3600,0,0,0,0,"Last of the Mohicans, The"
"390",573,0,0,4,0,5.53804213135068,1,1106,"Hamilton, Laurell K.","OR",0,1274.5,1.07627013630731,990,0,0,0,1,"Laughing Corpse, The"
"391",311,1,0,-11.5,1,6.43804213135068,1,1117,"Harding, Kat","KS",0,144.5,1.77627013630731,3289,0,0,0,0,"Lesbian Kama Sutra, The"
"392",411,0,0,2.3,0,8.33804213135069,0,1119,"Turke, Hanne","MN",0,15378,3.37627013630731,196,0,0,0,0,"Lesson for Max, A"
"393",317,0,0,-10.4,1,-5.46195786864932,1,1120,"Knowles, Jo","KY",1,-5880.5,-6.92372986369269,3495,0,1,1,0,"Lessons From a Dead Girl"
"394",644,0,0,4,0,5.53804213135068,0,1121,"Feldman, Gail","OR",0,1274.5,1.07627013630731,510,0,0,0,0,"Lessons in Evil, Lessons From the Light"
"395",646,0,1,4,0,5.53804213135068,0,1127,"Angelou, Maya","OR",0,1274.5,1.07627013630731,510,0,0,0,0,"Life Doesn't Frighten Me"
"396",866,0,0,-1.7,1,1.93804213135068,0,1130,"Frank, E.R.","VA",0,11296,5.47627013630731,3191,0,0,0,0,"Life Is Funny"
"397",554,0,0,-16.9,0,1.03804213135068,0,1134,"Vreeland, Susan","OK",0,-3087.5,-3.72372986369269,1917,0,0,0,0,"Life Studies"
"398",838,0,0,-7.8,1,-3.26195786864932,1,1137,"Lawrence, Iain","SC",0,-2191.5,-3.62372986369269,3294,0,0,0,0,"Lightkeeper's Daughter, The"
"399",702,1,0,2,0,2.33804213135069,0,1139,"Williams-Garcia, Rita","PA",0,4218,-1.62372986369269,240,0,0,0,0,"Like Sisters on the Homefront"
"400",177,1,0,-1.8,0,0.33804213135069,1,1141,"Ruby, Laura","FL",0,372,-1.72372986369269,1800,0,1,0,0,"Lilly's Ghost"
"401",235,1,1,-17.4,0,5.13804213135069,1,1143,"Pike, Christopher","ID",0,3194,-2.32372986369269,120,0,0,0,1,"Listeners, The"
"402",567,0,0,4,1,5.53804213135068,1,1144,"St. Stephen's Community House","OR",0,1274.5,1.07627013630731,3600,0,0,0,0,"Little Black Book for Girlz:  A Book on Healthy Sexuality, The"
"403",47,0,0,7.4,0,-2.76195786864932,0,1145,"Bannerman, Helen","CA",0,10119,2.57627013630731,1557,0,0,0,0,"Little Black Sambo"
"404",482,0,0,10.2,0,-0.461957868649321,0,1147,"Conrad, Hy","NY",1,5007.5,3.37627013630731,2925,0,1,0,1,"Little Giant Book of Whodunits, The"
"405",872,1,0,-1.7,NA,1.93804213135068,0,1148,"Dupuy, Diane","VA",0,11296,5.47627013630731,NA,0,1,0,0,"Little Girl Who DidWhat?, The"
"406",57,0,0,7.4,0,-2.76195786864932,0,1151,"Anderson, Hans Christian","CA",0,10119,2.57627013630731,175,0,0,0,1,"Little Mermaid, The"
"407",647,0,0,4,0,5.53804213135068,0,1152,"Cousins, Lucy","OR",0,1274.5,1.07627013630731,510,0,0,0,0,"Little Miss Muffet and Other Nursery Rhymes"
"408",226,1,0,1,NA,6.53804213135068,0,1154,"Sfar, Joann","IA",0,3921.5,-2.82372986369269,NA,0,0,0,1,"Little Vampire Does Kung Fu"
"409",78,1,0,7.4,0,-2.76195786864932,0,1156,NA,"CA",0,10119,2.57627013630731,420,0,0,1,0,"Lives of Notable Gay Men and Lesbians"
"410",245,1,0,7.7,0,1.83804213135069,1,1159,"Hernandez, Gilbert and Jaime Hernandez","IL",0,6489.5,2.07627013630731,2956,0,1,1,1,"Locas"
"411",860,0,0,-1.7,0,1.93804213135068,1,1161,"Hernandez, Gilbert and Jaime Hernandez","VA",1,11296,5.47627013630731,2386,0,0,1,0,"Locas In Love"
"412",522,0,0,-0.7,1,3.43804213135068,0,1163,"Dessen, Sarah","OH",0,2469,-2.92372986369269,3176,0,0,0,0,"Lock and Key"
"413",510,1,0,-0.7,0,3.43804213135068,1,1165,"McMurtry, Larry","OH",0,2469,-2.92372986369269,870,0,0,0,1,"Lonesome Dove"
"414",608,0,0,4,0,5.53804213135068,1,1166,"Manson, Marilyn","OR",0,1274.5,1.07627013630731,1426,0,0,0,0,"Long Hard Road out of Hell, The"
"415",474,0,0,4.4,0,2.53804213135068,0,1167,"White, Ellen Emerson","NJ",0,19935.5,5.77627013630731,721,0,1,0,0,"Long Live the Queen"
"416",609,0,0,4,0,5.53804213135068,0,1168,"Whittlinger, Ellen","OR",0,1274.5,1.07627013630731,1426,0,1,0,0,"Long Night of Leo and Bree, The"
"417",378,0,0,3.8,0,3.83804213135069,1,1170,"Egan, Jennifer","MI",0,2966,-2.22372986369269,709,0,0,0,0,"Look At Me"
"418",694,0,0,2,1,2.33804213135069,1,1174,"Green, John","PA",0,4218,-1.62372986369269,3610,0,1,0,0,"Looking for Alaska"
"419",915,1,0,2.4,0,5.53804213135068,1,1177,"Conroy, Pat","WI",0,4234.5,-1.62372986369269,1050,0,1,0,1,"Lords of Discipline, The"
"420",236,1,1,-17.4,0,5.13804213135069,1,1180,"Pike, Christopher","ID",0,3194,-2.32372986369269,120,0,0,0,1,"Lost Mind, The"
"421",648,0,0,4,0,5.53804213135068,0,1182,"Jackson, Shirley","OR",0,1274.5,1.07627013630731,510,0,0,0,1,"Lottery, The"
"422",771,0,0,2,1,2.33804213135069,0,1183,"Cart, Michael","PA",0,4218,-1.62372986369269,3600,0,0,0,0,"Love & Sex"
"423",251,1,0,7.7,0,1.83804213135069,1,1184,"Mackler, Carolyn","IL",0,6489.5,2.07627013630731,721,0,0,0,0,"Love and Other Four-Letter Words"
"424",649,0,0,4,0,5.53804213135068,0,1185,"Hernandez, Gilbert and Jaime Hernandez","OR",0,1274.5,1.07627013630731,510,0,1,0,0,"Love and Rockets X"
"425",867,0,0,-1.7,1,1.93804213135068,1,1191,"Sellers, M.R.","VA",0,11296,5.47627013630731,3191,1,0,0,0,"Love is the Bond"
"426",772,0,0,2,1,2.33804213135069,0,1195,"Sebold, Alice","PA",0,4218,-1.62372986369269,3600,0,0,0,0,"Lovely Bones, The"
"427",650,0,0,4,0,5.53804213135068,0,1198,"Hernandez, Gilbert and Jaime Hernandez","OR",0,1274.5,1.07627013630731,510,0,0,0,1,"Luba Conquers the World"
"428",773,0,0,2,1,2.33804213135069,0,1199,"Sebold, Alice","PA",0,4218,-1.62372986369269,3600,0,0,0,0,"Lucky"
"429",774,0,0,2,1,2.33804213135069,0,1201,"Peters, Julie Anne","PA",0,4218,-1.62372986369269,3600,0,0,0,0,"Luna"
"430",623,0,0,4,0,5.53804213135068,0,1205,"N.E. Thing Enterprises","OR",0,1274.5,1.07627013630731,990,0,0,0,0,"Magic Eye"
"431",682,1,0,2,0,2.33804213135069,0,1215,"Larrodo, Valerie; Desmareau, Claudine (illustrator); Rubio, Esther (translator)","PA",0,4218,-1.62372986369269,2699,0,1,0,0,"Mama Fue Pequena Antes de Ser Mayor"
"432",151,0,0,-0.2,0,7.33804213135069,1,1218,"Hijuelos, Oscar","CO",0,10346.5,8.67627013630731,1440,0,0,0,0,"Mambo Kings Play Songs of Love"
"433",848,0,0,-8.7,0,-3.66195786864931,1,1223,"Gravett, Paul","TN",0,-2995.5,-4.42372986369269,1924,0,0,0,0,"Manga: Sixty Years of Japanese Comics"
"434",775,0,0,2,1,2.33804213135069,0,1228,"Koertge, Ron","PA",0,4218,-1.62372986369269,3600,0,0,0,0,"Margaux With An X"
"435",375,0,0,3.8,0,3.83804213135069,1,1236,"Soryo, Fuyumi","MI",0,2966,-2.22372986369269,2950,0,0,0,0,"Mars, Vol. 10"
"436",776,0,0,2,1,2.33804213135069,0,1237,"Bradbury, Ray","PA",0,4218,-1.62372986369269,3600,0,0,0,0,"Martian Chronicles, The"
"437",152,0,0,-0.2,0,7.33804213135069,0,1240,"Meyer, Carolyn","CO",0,10346.5,8.67627013630731,1440,0,1,0,0,"Mary, Bloody Mary"
"438",579,1,0,4,1,5.53804213135068,0,1241,"Ross, Debra","OR",0,1274.5,1.07627013630731,3600,0,0,0,0,"Master Math:  Basic Math and Pre-Algebra"
"439",507,0,0,-0.7,1,3.43804213135068,1,1242,"Garrison, Eric Marlowe","OH",1,2469,-2.92372986369269,3650,0,1,0,0,"Mastering Multiple Position Sex"
"440",592,0,0,4,0,5.53804213135068,0,1243,"Spiegelman, Art","OR",0,1274.5,1.07627013630731,1914,0,0,0,0,"Maus & Maus II"
"441",264,0,0,7.7,1,1.83804213135069,0,1244,"Spiegelman, Art","IL",0,6489.5,2.07627013630731,3722,0,0,0,0,"Maus:  A Survivor's Tale"
"442",777,0,0,2,1,2.33804213135069,0,1245,"Jahn-Clough, Lisa","PA",0,4218,-1.62372986369269,3600,0,0,0,0,"Me, Penelope"
"443",75,1,0,7.4,1,-2.76195786864932,0,1250,"Merriam-Webster","CA",0,10119,2.57627013630731,3632,0,1,0,0,"Merriam-Webster's Collegiate Dictionary, 10th Collegiate Edition"
"444",444,0,0,-4.3,1,-1.46195786864932,0,1251,"Peterson, Eugene H","NC",0,-310,-1.52372986369269,3798,0,0,0,0,"Message Bible"
"445",575,0,0,4,0,5.53804213135068,1,1253,"Russell, P. Craig","OR",0,1274.5,1.07627013630731,510,0,0,0,1,"Michael Moorcock's Stormbringer"
"446",457,0,0,-10.4,0,4.33804213135069,0,1254,"Park, Barbara","ND",0,-813,-2.02372986369269,1800,0,0,0,0,"Mick Harte Was Here"
"447",237,1,1,-17.4,0,5.13804213135069,1,1256,"Pike, Christopher","ID",0,3194,-2.32372986369269,120,0,0,0,1,"Midnight Club, The"
"448",306,1,0,-11.5,1,6.43804213135068,1,1260,"Dickey, Eric Jerome","KS",0,144.5,1.77627013630731,3398,0,0,0,0,"Milk in My Coffee"
"449",337,0,0,-9.7,1,-4.76195786864932,1,1262,"Kuper, Peter","LA",0,-5120.5,-5.32372986369269,3239,0,0,0,0,"Mind's Eye"
"450",846,0,0,-8.7,0,-3.66195786864931,0,1270,"Pascal, Francine","TN",0,-2995.5,-4.42372986369269,1718,0,1,0,1,"Missing"
"451",407,0,0,2.3,0,8.33804213135069,0,1273,"Hamilton, Laurell K.","MN",0,15378,3.37627013630731,2772,0,1,0,0,"Mistral's Kiss"
"452",41,0,0,7.4,1,-2.76195786864932,0,1275,"Garden, Nancy","CA",1,10119,2.57627013630731,3200,0,0,1,0,"Molly's Family"
"453",334,0,0,-9.7,1,-4.76195786864932,1,1276,"Cole, Babette","LA",0,-5120.5,-5.32372986369269,3239,0,0,0,0,"Mommy Laid an Egg"
"454",386,0,0,3.8,1,3.83804213135069,0,1277,"Akira, Shouko","MI",0,2966,-2.22372986369269,3413,0,0,0,0,"Monkey High Vol. 3"
"455",610,0,0,4,0,5.53804213135068,0,1279,"Sierra, Judy","OR",0,1274.5,1.07627013630731,1426,0,0,0,1,"Monster Goose"
"456",515,0,0,-0.7,0,3.43804213135068,1,990,"Gaiman, Neil and P. Craig Russell","OH",0,2469,-2.92372986369269,2936,0,0,0,0,"Murder Mysteries"
"457",778,0,0,2,1,2.33804213135069,0,993,"Collier, James Lincoln","PA",0,4218,-1.62372986369269,3600,0,0,0,0,"My Brother Sam Is Dead"
"458",466,0,0,1.6,0,7.83804213135069,0,993,"Collier, James Lincoln and Christopher Collier","NH",0,17303,4.67627013630731,480,0,1,0,0,"My Brother Sam is Dead"
"459",677,0,0,2,0,2.33804213135069,1,1000,"Freymann-Weyr, Garrett","PA",1,4218,-1.62372986369269,1694,0,0,1,0,"My Heartbeat"
"460",858,0,0,-20.2,0,8.13804213135069,0,1001,"Klein, Norma","UT",0,12735.5,2.07627013630731,480,0,0,0,0,"My Life as a Body"
"461",193,0,0,-1.8,1,0.33804213135069,0,1005,"Hirst, Robin & Sally","FL",0,372,-1.72372986369269,3364,0,0,0,1,"My Place in Space"
"462",779,0,0,2,1,2.33804213135069,0,1008,"Picoult, Jodi","PA",0,4218,-1.62372986369269,3600,0,0,0,0,"My Sister's Keeper"
"463",302,0,0,-6.2,0,2.53804213135068,0,1011,"Hayes, Geoffrey","IN",0,1086.5,-4.62372986369269,982,0,0,0,0,"Mystery of the Pirate Ghost, The"
"464",823,0,0,2,0,2.33804213135069,0,1012,NA,"PA",0,4218,-1.62372986369269,480,0,0,0,0,"Mythology"
"465",158,0,0,-0.2,0,7.33804213135069,1,1015,"Helfrich, Mark","CO",0,10346.5,8.67627013630731,1426,0,0,0,0,"Naked Pictures of My Ex-Girlfriend"
"466",548,0,0,-16.9,0,1.03804213135068,0,1016,"Sandford, John","OK",0,-3087.5,-3.72372986369269,1800,0,1,0,0,"Naked Prey"
"467",780,0,0,2,1,2.33804213135069,0,1014,"Mailer, Norman","PA",0,4218,-1.62372986369269,3600,0,0,0,0,"Naked and the Dead, The"
"468",652,0,0,4,0,5.53804213135068,0,1017,"Craft, Michael","OR",0,1274.5,1.07627013630731,510,0,0,1,0,"Name Games"
"469",536,1,0,-16.9,0,1.03804213135068,1,1019,"Cohn, Rachel","OK",0,-3087.5,-3.72372986369269,3006,0,1,1,0,"Naomi and Ely's No Kiss List:  A Novel"
"470",839,0,0,-7.8,0,-3.26195786864932,0,1020,"Herron, Carolivia","SC",0,-2191.5,-3.62372986369269,2400,0,0,0,0,"Nappy Hair"
"471",384,0,0,3.8,1,3.83804213135069,0,1021,"Kishimoto, Masashi","MI",0,2966,-2.22372986369269,3859,0,0,0,0,"Naruto 1:  The Tests of the Ninja"
"472",368,0,0,3.8,1,3.83804213135069,0,1023,"Kishimoto, Masashi","MI",0,2966,-2.22372986369269,3873,0,0,0,0,"Naruto Volume 1"
"473",781,0,0,2,1,2.33804213135069,0,1026,"Wright, Richard","PA",0,4218,-1.62372986369269,3600,0,0,0,0,"Native Son"
"474",449,0,0,-4.3,0,-1.46195786864932,0,1029,"Shubin, Seymour","NC",0,-310,-1.52372986369269,1130,0,1,0,0,"Never Quite Dead"
"475",782,0,0,2,1,2.33804213135069,0,1032,"Dayton, Gail","PA",0,4218,-1.62372986369269,3600,0,0,0,0,"New Blood"
"476",126,1,0,-0.2,0,7.33804213135069,0,1033,"Winks, Cathy","CO",0,10346.5,8.67627013630731,1426,0,0,0,0,"New Good Vibrations Guide to Sex"
"477",445,0,0,-4.3,1,-1.46195786864932,0,1035,"International Bible Society","NC",0,-310,-1.52372986369269,3798,0,0,0,0,"New International Version Bible"
"478",350,0,0,8.5,0,4.23804213135068,0,1038,"Morrison, Grant","MD",0,19404.5,7.37627013630731,1791,0,1,0,1,"New X-Men Imperial"
"479",537,1,0,-16.9,0,1.03804213135068,1,1039,"Cohn, Rachel","OK",0,-3087.5,-3.72372986369269,3006,0,1,1,0,"Nick & Norah's Infinite Playlist"
"480",783,0,0,2,1,2.33804213135069,0,1041,"Conrad, Joseph","PA",0,4218,-1.62372986369269,3600,0,0,0,0,"Nigger of the Narcissus, The"
"481",250,1,0,7.7,0,1.83804213135069,1,1052,"Picoult, Jodi","IL",0,6489.5,2.07627013630731,3127,0,1,0,0,"Nineteen Minutes"
"482",672,0,0,4,0,5.53804213135068,0,1059,"McBain, Ed","OR",0,1274.5,1.07627013630731,180,0,0,0,1,"Nocturne"
"483",472,0,0,4.4,0,2.53804213135068,0,1061,"Baskin, Julia","NJ",0,19935.5,5.77627013630731,2493,0,0,0,0,"Notebook Girls, The"
"484",516,0,0,-0.7,0,3.43804213135068,1,1063,"Black, Lewis","OH",0,2469,-2.92372986369269,2807,0,1,0,0,"Nothing's Sacred"
"485",268,0,1,7.7,1,1.83804213135069,0,1067,"Lowry, Lois","IL",0,6489.5,2.07627013630731,3191,0,0,0,0,"Number the Stars"
"486",402,0,0,2.3,0,8.33804213135069,0,1068,"Harris, Jesse","MN",0,15378,3.37627013630731,227,0,0,0,1,"Obsession, The"
"487",341,0,1,-9.7,0,-4.76195786864932,0,1069,"Steinbeck, John","LA",0,-5120.5,-5.32372986369269,480,0,1,0,0,"Of Mice and Men"
"488",581,0,0,4,1,5.53804213135068,0,1071,"Bienenstock, David","OR",0,1274.5,1.07627013630731,3600,0,0,0,0,"Official High Times Pot Smoker's Handbook:  Feature 420 Things to Do When You're Stoned, The"
"489",611,0,0,4,0,5.53804213135068,0,1074,"Cole, William (Tomi Ungerer: Illus.)","OR",0,1274.5,1.07627013630731,1426,0,0,0,1,"Oh, How Silly!"
"490",691,1,0,2,0,2.33804213135069,0,1075,"Cole, William","PA",0,4218,-1.62372986369269,3141,0,0,0,1,"Oh, That's Ridiculous"
"491",230,0,0,1,0,6.53804213135068,0,1080,"Frankfurt, Harry G.","IA",0,3921.5,-2.82372986369269,2400,0,1,0,0,"On Bullshit"
"492",836,0,0,-7.8,1,-3.26195786864932,0,1385,"Duncan, Lois","SC",0,-2191.5,-3.62372986369269,3684,0,0,0,0,"On the Edge:  Stories At the Brink"
"493",784,0,0,2,1,2.33804213135069,0,1387,"Gallo, Donald R.","PA",0,4218,-1.62372986369269,3600,0,0,0,0,"On the Fringe"
"494",685,0,0,2,0,2.33804213135069,0,1389,"Dolch, Edward","PA",0,4218,-1.62372986369269,2854,0,0,0,0,"Once There Was A Monkey"
"495",182,1,0,-1.8,0,0.33804213135069,0,1392,"Lipsyte, Robert","FL",0,372,-1.72372986369269,0,0,1,0,0,"One Fat Summer"
"496",818,0,0,2,1,2.33804213135069,0,1393,"Kesey, Ken","PA",0,4218,-1.62372986369269,3212,0,0,0,0,"One Flew Over the Cuckoo's Nest"
"497",282,0,0,7.7,0,1.83804213135069,0,1406,"Roberts, Kenneth J.","IL",0,6489.5,2.07627013630731,984,0,0,0,0,"Our Catholic Faith"
"498",594,0,0,4,0,5.53804213135068,0,1407,"Jenkins, A.M.","OR",0,1274.5,1.07627013630731,1887,0,0,0,0,"Out of Order"
"499",153,0,1,-0.2,0,7.33804213135069,0,1409,"Naylor, Phyllis Reynolds","CO",0,10346.5,8.67627013630731,1440,0,0,0,0,"Outrageously Alice"
"500",468,0,0,4.4,1,2.53804213135068,0,1416,"Various","NJ",0,19935.5,5.77627013630731,3377,0,1,0,1,"Paint Me Like I Am"
"501",271,0,0,7.7,0,1.83804213135069,0,1419,"Allen, Judy","IL",0,6489.5,2.07627013630731,2404,0,0,0,0,"Panda"
"502",523,0,0,-0.7,0,3.43804213135068,1,1420,"Waggoner, Tim","OH",0,2469,-2.92372986369269,3013,0,1,0,0,"Pandora Drive"
"503",889,0,0,-1.7,0,1.93804213135068,1,1421,"Reese, Laura","VA",0,11296,5.47627013630731,3090,0,0,0,0,"Panic Snap"
"504",879,1,0,-1.7,0,1.93804213135068,0,1429,NA,"VA",0,11296,5.47627013630731,510,0,0,0,0,"Paula"
"505",252,0,0,7.7,0,1.83804213135069,0,1430,"Ueda, Miwa","IL",0,6489.5,2.07627013630731,1917,0,0,0,1,"Peach Girl: Change of Heart, 9"
"506",786,0,0,2,1,2.33804213135069,0,1434,"Chbosky, Stephen","PA",0,4218,-1.62372986369269,3600,0,0,0,0,"Perks of Being a Wallflower, The"
"507",612,0,0,4,0,5.53804213135068,0,1438,"Loriot","OR",0,1274.5,1.07627013630731,1426,0,0,0,0,"Peter and the Wolf"
"508",269,0,0,7.7,1,1.83804213135069,0,1444,NA,"IL",0,6489.5,2.07627013630731,3179,0,0,0,0,"Photography Year 1974"
"509",159,0,0,-0.2,0,7.33804213135069,1,1445,"Phillipe, Pierre","CO",0,10346.5,8.67627013630731,1426,0,0,0,0,"Picasso Days, 1881-1935"
"510",296,0,0,-6.2,0,2.53804213135068,1,1447,"Zindel, Paul","IN",0,1086.5,-4.62372986369269,480,0,0,0,0,"Pigman, The"
"511",864,1,0,-1.7,0,1.93804213135068,1,1448,"Follet, Ken","VA",0,11296,5.47627013630731,510,0,0,0,1,"Pillars of the Earth, The"
"512",613,0,0,4,0,5.53804213135068,0,1450,"Kellogg, Steven","OR",0,1274.5,1.07627013630731,1426,0,0,0,0,"Pinkerton, Behave!"
"513",389,0,0,3.8,0,3.83804213135069,0,1451,"Howe, James","MI",0,2966,-2.22372986369269,1200,0,0,1,0,"Pinky and Rex and the Bully"
"514",400,0,0,2.3,0,8.33804213135069,1,1455,"Haruf, Kent","MN",0,15378,3.37627013630731,2400,0,1,0,0,"Plainsong"
"515",321,0,0,-10.4,1,-5.46195786864932,0,1457,"Giles, Gail","KY",0,-5880.5,-6.92372986369269,3198,0,1,0,0,"Playing in Traffic"
"516",372,0,0,3.8,1,3.83804213135069,1,1458,"Dickey, Eric Jerome","MI",0,2966,-2.22372986369269,3370,0,0,0,0,"Pleasure"
"517",624,0,0,4,0,5.53804213135068,1,1460,"Craze, Richard","OR",0,1274.5,1.07627013630731,990,0,0,0,0,"Pocket Book of Sex and Chocolate, The"
"518",570,0,0,4,0,5.53804213135068,0,1462,"Cothran, Helen","OR",0,1274.5,1.07627013630731,1800,0,0,0,0,"Police Brutality: Opposing Viewpoints"
"519",625,0,0,4,0,5.53804213135068,1,1464,"Elias, James","OR",0,1274.5,1.07627013630731,990,0,0,0,0,"Porn 101: Eroticism, Pornography and the First Amendment"
"520",626,0,0,4,0,5.53804213135068,1,1466,"Gittler, Ian","OR",0,1274.5,1.07627013630731,990,0,0,0,0,"Pornstar"
"521",58,1,0,7.4,1,-2.76195786864932,1,1473,"Sittenfeld, Curtis","CA",0,10119,2.57627013630731,3220,0,0,0,0,"Prep"
"522",787,0,0,2,1,2.33804213135069,0,1476,"McDaniel, Lurlene","PA",0,4218,-1.62372986369269,3600,0,0,0,0,"Prey"
"523",267,0,0,7.7,1,1.83804213135069,0,1480,"Cabot, Meg","IL",0,6489.5,2.07627013630731,3201,0,0,0,0,"Princess Mia"
"524",96,0,0,-0.2,0,7.33804213135069,1,1481,"Stern, Howard","CO",0,10346.5,8.67627013630731,1426,0,1,0,0,"Private Parts"
"525",576,0,0,4,0,5.53804213135068,0,1483,"Peretti, Frank E.","OR",0,1274.5,1.07627013630731,510,0,0,1,0,"Prophet"
"526",868,0,0,-1.7,0,1.93804213135068,0,1484,"Aki, Katsu","VA",0,11296,5.47627013630731,3080,0,0,0,0,"Psychic Academy Series"
"527",680,1,0,2,1,2.33804213135069,1,1486,"Gardner, Chris","PA",0,4218,-1.62372986369269,3610,0,1,0,1,"Pursuit of Happiness, The"
"528",415,0,0,-3.1,1,1.73804213135068,1,1488,"Castellucci, Cecil","MO",0,1279.5,-2.42372986369269,3530,0,1,0,0,"Queen of Cool"
"529",7,0,0,-13.4,0,8.73804213135068,0,1489,"Gage, Simon","AK",0,15707.5,0.676270136307309,1351,0,0,1,0,"Queer"
"530",117,0,0,-0.2,0,7.33804213135069,0,1490,"Okuda, Hitoshi","CO",0,10346.5,8.67627013630731,1426,0,0,0,0,"Quest for More Money"
"531",81,1,0,7.4,0,-2.76195786864932,0,1491,"Anthony, Piers","CA",0,10119,2.57627013630731,120,1,0,0,0,"Question Quest"
"532",788,0,0,2,1,2.33804213135069,0,1492,"Updike, John","PA",0,4218,-1.62372986369269,3600,0,0,0,0,"Rabbit (series)"
"533",45,0,0,7.4,0,-2.76195786864932,0,1493,"Harkness, Cheryl","CA",0,10119,2.57627013630731,1697,0,0,0,0,"Rabble Rousers"
"534",673,0,0,4,0,5.53804213135068,0,1495,"Sturges, Jock","OR",0,1274.5,1.07627013630731,180,0,0,0,0,"Radiant Identities"
"535",529,1,1,-0.7,0,3.43804213135068,0,1496,"Cormier, Robert","OH",0,2469,-2.92372986369269,2848,0,0,0,0,"Rag and Bone Shop, The"
"536",789,0,0,2,1,2.33804213135069,0,1502,"Sanchez,Alex","PA",0,4218,-1.62372986369269,3600,0,0,0,0,"Rainbow High"
"537",790,0,0,2,1,2.33804213135069,0,1507,"Malouf, David","PA",0,4218,-1.62372986369269,3600,0,0,0,0,"Ransom"
"538",791,0,0,2,1,2.33804213135069,0,1511,"Hillmer, Timothy","PA",0,4218,-1.62372986369269,3600,0,0,0,0,"Ravenhill"
"539",335,0,0,-9.7,1,-4.76195786864932,1,1512,"Cabot, Meg","LA",1,-5120.5,-5.32372986369269,3239,0,0,0,0,"Ready or Not"
"540",154,0,0,-0.2,0,7.33804213135069,0,1514,"Maderas, Linda","CO",0,10346.5,8.67627013630731,1440,0,0,0,0,"Ready, Set, Grow!"
"541",303,0,0,-6.2,0,2.53804213135068,0,1515,"Gray, Heather M.","IN",0,1086.5,-4.62372986369269,279,0,0,0,0,"Real Girl/Real World"
"542",614,0,0,4,0,5.53804213135068,0,1516,"Reger, James P.","OR",0,1274.5,1.07627013630731,1426,0,0,0,0,"Rebuilding of Bosnia, The"
"543",238,1,1,-17.4,0,5.13804213135069,1,1523,"Pike, Christopher","ID",0,3194,-2.32372986369269,120,0,0,0,1,"Remember Me 3: The Last Story"
"544",129,0,0,-0.2,1,7.33804213135069,0,1524,"Cronin, Doreen","CO",0,10346.5,8.67627013630731,3904,0,0,0,1,"Rescue Bunnies"
"545",470,1,0,4.4,1,2.53804213135068,0,1527,"Sonnie, Amy (ed.)","NJ",0,19935.5,5.77627013630731,3805,0,0,1,0,"Revolutionary Voices:  A Multicultural Queer Youth Anthology"
"546",792,0,1,2,1,2.33804213135069,0,1528,"Myracle, Lauren","PA",0,4218,-1.62372986369269,3600,0,0,0,0,"Rhymes With Witches"
"547",565,1,0,4,0,5.53804213135068,1,1529,"Cody, Robin","OR",0,1274.5,1.07627013630731,480,0,1,0,0,"Richochet River"
"548",615,0,0,4,0,5.53804213135068,0,1530,"Gammel, Stephen","OR",0,1274.5,1.07627013630731,1426,0,0,0,1,"Ride"
"549",653,0,0,4,0,5.53804213135068,1,1531,"Asprin, Robert","OR",0,1274.5,1.07627013630731,510,0,0,0,0,"Ripping Time"
"550",397,0,0,2.3,0,8.33804213135069,0,1537,"Marcinko, Richard","MN",0,15378,3.37627013630731,1093,0,1,0,1,"Rogue Warrior: Violent Action"
"551",887,0,0,-1.7,1,1.93804213135068,0,1545,"Steig, William","VA",0,11296,5.47627013630731,3503,0,0,0,1,"Rotten Island"
"552",514,0,1,-0.7,0,3.43804213135068,1,1552,"Crutcher, Chris","OH",0,2469,-2.92372986369269,3080,0,1,0,0,"Running Loose"
"553",170,0,0,7.1,0,4.43804213135068,1,1553,"Burroughs, Augusten","CT",0,16247.5,7.37627013630731,1254,0,1,1,0,"Running With Scissors"
"554",49,0,0,7.4,1,-2.76195786864932,0,1555,"Corinna, Heather","CA",0,10119,2.57627013630731,3508,0,0,0,0,"S.E.X.:  The All-You-Need-To-Know Progressive Sexuality Guide to Get You Through High School"
"555",793,0,0,2,1,2.33804213135069,0,1557,"Shaw, Susan","PA",0,4218,-1.62372986369269,3600,0,0,0,0,"Safe"
"556",34,0,0,-6.1,1,1.43804213135068,0,1559,"Codell, Esme Rajo","AZ",0,3490.5,-0.52372986369269,3685,0,1,0,0,"Sahara Special"
"557",143,0,0,-0.2,0,7.33804213135069,0,1564,"Dahl, Tessa","CO",0,10346.5,8.67627013630731,1800,0,0,0,0,"Same But Different, The"
"558",18,0,0,-13.2,1,-4.26195786864932,1,1568,"Wittlinger, Ellen","AL",0,-5054,-5.02372986369269,3205,0,0,0,0,"Sandpiper"
"559",221,1,0,1,NA,6.53804213135068,1,1569,"Locker, Sari","IA",0,3921.5,-2.82372986369269,NA,0,0,0,0,"Sari Says"
"560",577,0,0,4,0,5.53804213135068,1,1571,"Thomas, Rob","OR",0,1274.5,1.07627013630731,510,0,1,0,0,"Satellite Down"
"561",225,0,1,1,0,6.53804213135068,0,982,"Schwartz, Alvin","IA",0,3921.5,-2.82372986369269,751,0,0,0,1,"Scary Stories to Tell in the Dark"
"562",627,0,0,4,0,5.53804213135068,0,1576,"Paulsen, Gary","OR",0,1274.5,1.07627013630731,990,0,0,0,0,"Schernoff Discoveries, The"
"563",477,0,0,4.4,0,2.53804213135068,0,1577,"Myers, Walter Dean","NJ",0,19935.5,5.77627013630731,480,0,0,0,0,"Scorpions"
"564",194,0,0,-1.8,1,0.33804213135069,0,1578,"Drabble, Margaret","FL",0,372,-1.72372986369269,3364,0,1,0,0,"Sea Lady, The"
"565",674,0,0,4,0,5.53804213135068,0,1581,"Casteneda, Carlos","OR",0,1274.5,1.07627013630731,180,0,0,0,0,"Second Ring of Power, The"
"566",584,0,0,4,0,5.53804213135068,0,1582,"LaBute, Neil","OR",0,1274.5,1.07627013630731,2290,0,0,0,0,"Seconds of Pleasure"
"567",333,0,0,-9.7,1,-4.76195786864932,1,1583,"Yoe, Craig","LA",0,-5120.5,-5.32372986369269,3600,0,0,0,0,"Secret Identity"
"568",524,0,0,-0.7,0,3.43804213135068,1,1596,"Zane","OH",0,2469,-2.92372986369269,2432,0,1,0,0,"Sex Chronicles, The"
"569",312,1,0,-11.5,1,6.43804213135068,1,1598,"Dubberly, Emily","KS",0,144.5,1.77627013630731,3289,0,0,0,0,"Sex for Busy People"
"570",144,0,0,-0.2,0,7.33804213135069,0,1620,"White, Stever & David Weber","CO",0,10346.5,8.67627013630731,1800,0,0,0,0,"Shiva Option, The"
"571",880,1,0,-1.7,0,1.93804213135068,0,1621,"Clavell, James","VA",0,11296,5.47627013630731,510,0,0,0,0,"Shogun"
"572",794,0,0,2,1,2.33804213135069,0,1622,"Meyers, Walter Dean","PA",0,4218,-1.62372986369269,3600,0,0,0,0,"Shooter"
"573",795,0,1,2,1,2.33804213135069,0,1624,"Steinbeck, John","PA",0,4218,-1.62372986369269,3600,0,0,0,0,"Short Novels of John Steinbeck"
"574",270,0,0,7.7,0,1.83804213135069,0,1627,"Steig, William","IL",0,6489.5,2.07627013630731,3152,0,1,0,0,"Shrek"
"575",852,1,0,-8.7,0,-3.66195786864931,0,1628,"Hesse, Herman","TN",0,-2995.5,-4.42372986369269,2397,0,0,0,0,"Siddhartha"
"576",552,0,0,-16.9,0,1.03804213135068,1,1631,"Konigsburg, E.L.","OK",0,-3087.5,-3.72372986369269,3014,0,0,0,0,"Silent to the Bone"
"577",42,0,0,7.4,0,-2.76195786864932,1,1635,"Miller, Frank","CA",0,10119,2.57627013630731,2399,0,0,0,1,"Sin City"
"578",697,0,0,2,0,2.33804213135069,0,1638,"Fierstein, Harvey","PA",0,4218,-1.62372986369269,1946,0,0,1,0,"Sissy Duckling, The"
"579",435,0,0,-4.3,0,-1.46195786864932,0,713,"Brashares, Ann","NC",0,-310,-1.52372986369269,2852,0,1,0,0,"Sisterhood of the Traveling Pants, The"
"580",426,0,0,-7.1,1,7.63804213135069,0,1639,"Stine, R.L.","MT",0,-6482,0.376270136307308,3342,0,1,0,0,"Sitter, The"
"581",388,0,0,3.8,0,3.83804213135069,0,1642,"LaVelle, Victor","MI",0,2966,-2.22372986369269,1443,0,1,0,0,"Slapboxing with Jesus"
"582",850,0,0,-8.7,0,-3.66195786864931,1,1643,"Vonnegut, Kurt","TN",0,-2995.5,-4.42372986369269,480,0,1,0,0,"Slaughterhouse-Five"
"583",366,0,0,3.8,NA,3.83804213135069,1,1653,"Block, Lawrence","MI",0,2966,-2.22372986369269,NA,0,0,0,1,"Small Town"
"584",913,0,0,5,0,7.53804213135068,1,1657,"Guterson, David","WA",0,9907.5,3.67627013630731,1274,0,0,0,0,"Snow Falling on Cedars"
"585",819,0,0,2,0,2.33804213135069,0,1659,"Stine, R.L.","PA",0,4218,-1.62372986369269,3080,0,0,0,1,"Snowman, The"
"586",35,0,0,-6.1,1,1.43804213135068,0,1660,"Palahniuk, Chuck","AZ",0,3490.5,-0.52372986369269,3240,0,0,0,0,"Snuff"
"587",73,0,0,7.4,0,-2.76195786864932,1,1661,"Watkins, Yoko Kawashima","CA",0,10119,2.57627013630731,294,0,0,0,1,"So Far From the Bamboo Grove"
"588",796,0,0,2,1,2.33804213135069,0,1662,"Sanchez, Alex","PA",0,4218,-1.62372986369269,3600,0,0,0,0,"So Hard to Say"
"589",821,0,0,2,0,2.33804213135069,0,1668,"Levy, Elizabeth","PA",0,4218,-1.62372986369269,2136,1,0,0,0,"Something Queer at the Haunted School"
"590",370,0,1,3.8,1,3.83804213135069,1,1671,"Morrison, Toni","MI",0,2966,-2.22372986369269,3511,0,1,0,0,"Song of Solomon"
"591",616,0,0,4,0,5.53804213135068,0,1672,"Pierce, Tamora","OR",0,1274.5,1.07627013630731,1426,0,0,0,0,"Song of the Lionness Series"
"592",797,0,0,2,1,2.33804213135069,0,1673,"Lawrence, D.H.","PA",0,4218,-1.62372986369269,3600,0,0,0,0,"Sons and Lovers"
"593",882,1,0,-1.7,0,1.93804213135068,0,1674,"Gaarder, Iostein","VA",0,11296,5.47627013630731,510,0,0,0,0,"Sophie's World"
"594",883,1,0,-1.7,0,1.93804213135068,0,1681,NA,"VA",0,11296,5.47627013630731,510,0,0,0,0,"Source, The"
"595",681,1,0,2,1,2.33804213135069,1,1683,"Wizner, Jake","PA",0,4218,-1.62372986369269,3497,0,1,0,0,"Spanking Shakespeare"
"596",26,1,0,-6.1,0,1.43804213135068,1,1684,"Anderson, Laurie Halse","AZ",0,3490.5,-0.52372986369269,480,0,1,0,1,"Speak"
"597",249,0,0,7.7,0,1.83804213135069,0,1686,"Napoli, Donna Jo","IL",1,6489.5,2.07627013630731,597,0,0,0,0,"Spinners"
"598",907,0,0,5,0,7.53804213135068,1,1689,"Eleveld, Mark (editor)","WA",0,9907.5,3.67627013630731,2699,0,0,0,1,"Spoken Word Revolution, The"
"599",517,0,0,-0.7,0,3.43804213135068,1,1691,"Welch, Nathaniel","OH",0,2469,-2.92372986369269,2759,0,0,0,0,"Spring Broke"
"600",239,1,1,-17.4,0,5.13804213135069,1,1696,"Pike, Christopher","ID",0,3194,-2.32372986369269,120,0,0,0,1,"Star Group, The"
"601",862,1,0,-1.7,1,1.93804213135068,1,1698,"Dark Horse Comics","VA",0,11296,5.47627013630731,3669,0,0,0,0,"Star Wars:  Return of the Jedi II"
"602",799,0,0,2,1,2.33804213135069,0,1699,"Grove, Vicki","PA",0,4218,-1.62372986369269,3600,0,0,0,0,"Starplace, The"
"603",847,1,1,-8.7,0,-3.66195786864931,0,1702,"Crutcher, Chris","TN",0,-2995.5,-4.42372986369269,2474,0,1,0,0,"Staying Fat for Sarah Byrnes"
"604",127,1,0,-0.2,0,7.33804213135069,0,1705,"Page, Jake","CO",0,10346.5,8.67627013630731,1426,0,1,0,0,"Stolen Gods"
"605",884,1,0,-1.7,0,1.93804213135068,0,1707,"Heigi, Ursula","VA",0,11296,5.47627013630731,510,0,0,0,0,"Stones From the River"
"606",597,0,0,4,0,5.53804213135068,0,1709,"Carter, David","OR",0,1274.5,1.07627013630731,1804,0,0,1,0,"Stonewall: Riots that Parked the Gay Revolution"
"607",655,0,0,4,0,5.53804213135068,0,1715,"Bannerman, Helen","OR",0,1274.5,1.07627013630731,510,0,0,0,0,"Story of Little Black Sambo, The"
"608",253,0,0,7.7,0,1.83804213135069,1,1717,"Burrison, John","IL",0,6489.5,2.07627013630731,801,0,1,0,0,"Storytellers: Folktales and Legends from the South"
"609",595,0,0,4,0,5.53804213135068,0,1719,"Buronson","OR",0,1274.5,1.07627013630731,1869,0,0,0,0,"Strain: Pulp Graphic Novel"
"610",842,1,0,-8.9,1,5.03804213135068,1,1726,"Schrag, Ariel","SD",0,785,-2.52372986369269,3291,0,1,0,0,"Stuck in the Middle:  Seventeen Comics from an Unpleasant Age"
"611",587,0,0,4,0,5.53804213135068,0,1728,"Moore, Michael","OR",0,1274.5,1.07627013630731,2014,0,0,0,0,"Stupid White Men"
"612",214,0,0,-6.8,0,-0.961957868649321,0,1731,"Allard, Harry","GA",0,2239.5,0.276270136307311,445,0,0,0,0,"Stupid's Have a Ball, The"
"613",92,0,0,-0.2,0,7.33804213135069,1,1738,"Hentley, James A.","CO",0,10346.5,8.67627013630731,1800,0,1,0,0,"Summer Country, The"
"614",24,0,0,-8.8,0,-4.26195786864932,0,1739,"Greene, Bette","AR",0,-6258.5,-7.32372986369269,480,0,1,0,0,"Summer of My German Soldier"
"615",800,0,0,2,1,2.33804213135069,0,1740,"Hemingway, Ernest","PA",0,4218,-1.62372986369269,3600,0,0,0,0,"Sun Also Rises, The"
"616",114,0,0,-0.2,0,7.33804213135069,1,1745,"William, Kate","CO",0,10346.5,8.67627013630731,1440,0,0,0,0,"Sweet Valley High Series"
"617",145,0,0,-0.2,0,7.33804213135069,0,1747,"Wolfe, Daniel","CO",0,10346.5,8.67627013630731,1800,0,0,1,0,"T.E. Lawrence: Lives of Notable Gay Men and Lesbians"
"618",420,1,1,-3.1,1,1.73804213135068,0,1849,"Myracle, Lauren","MO",0,1279.5,-2.42372986369269,3180,0,0,0,0,"TTFN"
"619",922,0,1,2.4,1,5.53804213135068,1,1849,"Myracle, Lauren","WI",0,4234.5,-1.62372986369269,3343,0,0,0,0,"TTYL"
"620",628,0,0,4,0,5.53804213135068,0,1755,"Chamberlain, Ann","OR",0,1274.5,1.07627013630731,990,0,0,0,0,"Tamar"
"621",288,0,0,-6.2,1,2.53804213135068,0,1758,"Hewlitt, Jamie","IN",0,1086.5,-4.62372986369269,3378,0,0,0,1,"Tank Girl"
"622",76,1,0,7.4,0,-2.76195786864932,0,1761,NA,"CA",0,10119,2.57627013630731,1800,0,0,0,0,"Technical Date on the Shasta Dam"
"623",918,0,0,2.4,1,5.53804213135068,1,1766,"Marcovitz, Hal","WI",0,4234.5,-1.62372986369269,3731,0,0,0,0,"Teens & Sex"
"624",801,0,1,2,1,2.33804213135069,0,1772,"Cormier, Robert","PA",0,4218,-1.62372986369269,3600,0,0,0,0,"Tenderness"
"625",802,0,0,2,1,2.33804213135069,0,1773,"Picoult, Jodi","PA",0,4218,-1.62372986369269,3600,0,0,0,0,"Tenth Circle, The"
"626",87,0,0,-0.2,0,7.33804213135069,1,1775,"Hinton, S.E.","CO",0,10346.5,8.67627013630731,1440,0,1,0,1,"Tex"
"627",155,0,0,-0.2,0,7.33804213135069,0,1776,NA,"CO",0,10346.5,8.67627013630731,1440,0,0,0,0,"Thanksgiving Day"
"628",553,0,0,-16.9,0,1.03804213135068,0,1778,"Jones, Richard","OK",0,-3087.5,-3.72372986369269,3014,0,0,0,0,"That's Magic"
"629",803,0,0,2,1,2.33804213135069,0,1779,"Hurston, Zora Neale","PA",0,4218,-1.62372986369269,3600,0,0,0,0,"Their Eyes Were Watching God"
"630",441,0,1,-4.3,0,-1.46195786864932,1,1780,"Blume, Judy","NC",0,-310,-1.52372986369269,1050,0,0,0,0,"Then Again, Maybe I Won't"
"631",905,0,0,13.4,0,6.83804213135069,0,1785,"Larson, Gary","VT",0,8467,5.37627013630731,245,0,0,0,0,"There's a Hair in My Dirt"
"632",43,0,0,7.4,0,-2.76195786864932,0,1789,"Springer, Nancy","CA",0,10119,2.57627013630731,2040,0,1,0,1,"They're All Named Wildfire"
"633",885,1,0,-1.7,0,1.93804213135068,0,1792,"O'Brien, Tim","VA",0,11296,5.47627013630731,510,0,0,0,0,"Things They Carried, The"
"634",804,0,0,2,1,2.33804213135069,0,1794,"Asher, Jay","PA",0,4218,-1.62372986369269,3600,0,0,0,0,"Thirteen Reasons Why"
"635",805,0,0,2,1,2.33804213135069,0,1800,"Ellis, Ann Dee","PA",0,4218,-1.62372986369269,3600,0,0,0,0,"This Is What I Did"
"636",291,0,0,-6.2,0,2.53804213135068,1,1803,"Ambrose, Stephen","IN",0,1086.5,-4.62372986369269,2759,0,1,0,0,"This Vast Land"
"637",656,0,0,4,0,5.53804213135068,0,1804,"Munsch, Robert","OR",0,1274.5,1.07627013630731,510,0,0,0,0,"Thomas' Snowsuit"
"638",259,0,0,7.7,0,1.83804213135069,0,1805,"Gallico, Paul","IL",0,6489.5,2.07627013630731,597,0,0,0,0,"Thomasina, The Cat Who Thought She Was God"
"639",180,0,0,-1.8,1,0.33804213135069,0,1806,"Rhodes-Courter, Ashley","FL",0,372,-1.72372986369269,3197,0,0,0,0,"Three Little Words:  A Memoir"
"640",331,1,1,-9.7,0,-4.76195786864932,1,1809,"Blume, Judy","LA",0,-5120.5,-5.32372986369269,0,0,1,0,0,"Tiger Eyes"
"641",562,0,0,4,0,5.53804213135068,1,1811,"Adelman, Bob","OR",0,1274.5,1.07627013630731,180,0,0,0,1,"Tijuana Bibles"
"642",56,0,0,7.4,0,-2.76195786864932,0,1814,"Healey, Tim","CA",0,10119,2.57627013630731,480,0,0,0,1,"Timespan Spies"
"643",806,0,0,2,1,2.33804213135069,0,1815,"Jones, Carrie","PA",0,4218,-1.62372986369269,3600,0,0,0,0,"Tips On Having A Gay (Ex) Boyfriend"
"644",568,0,0,4,1,5.53804213135068,1,1816,"Black, Holly","OR",0,1274.5,1.07627013630731,3600,0,0,0,0,"Tithe: A Modern Faerie Tale"
"645",807,0,0,2,1,2.33804213135069,0,1818,"Lee, Harper","PA",0,4218,-1.62372986369269,3600,0,0,0,0,"To Kill A Mockingbird"
"646",520,0,0,-0.7,1,3.43804213135068,0,1819,"Pearl, Michael and Debi","OH",0,2469,-2.92372986369269,3729,0,0,0,1,"To Train Up A Child"
"647",118,0,0,-0.2,0,7.33804213135069,1,1827,"Reese, Laura","CO",0,10346.5,8.67627013630731,1426,0,0,0,0,"Topping From Below"
"648",82,0,0,7.4,1,-2.76195786864932,0,1828,"Boyle, T.C.","CA",0,10119,2.57627013630731,3801,0,0,0,0,"Torilla Curtain"
"649",493,0,0,10.2,0,-0.461957868649321,0,1829,"Howe, James","NY",0,5007.5,3.37627013630731,3080,0,0,1,0,"Totally Joe"
"650",203,0,0,-6.8,0,-0.961957868649321,1,1830,"Springer, Nancy","GA",0,2239.5,0.276270136307311,3014,0,1,0,1,"Toughing It"
"651",67,0,0,7.4,1,-2.76195786864932,0,1834,"Beam, Chris","CA",0,10119,2.57627013630731,3508,0,0,1,0,"Transparent:  Love, Family, and Living the T with Transgender Teenagers"
"652",546,0,0,-16.9,0,1.03804213135068,0,1836,"Lupica, Mike","OK",0,-3087.5,-3.72372986369269,3006,0,1,0,0,"Travel Team"
"653",294,0,0,-6.2,0,2.53804213135068,0,1837,"DeBrunhoff, Jean","IN",0,1086.5,-4.62372986369269,982,0,0,0,1,"Travels of Babar"
"654",822,0,0,2,0,2.33804213135069,0,1840,"YMCA","PA",0,4218,-1.62372986369269,840,1,0,0,0,"Triathalon"
"655",54,0,0,7.4,0,-2.76195786864932,1,1845,"Nathanson, Laura","CA",0,10119,2.57627013630731,1341,0,0,0,0,"Trouble With Wednesdays, The"
"656",657,0,0,4,0,5.53804213135068,0,1851,"Fine, Anne","OR",0,1274.5,1.07627013630731,510,0,0,0,1,"Tulip Touch, The"
"657",352,0,0,8.5,1,4.23804213135068,1,1853,"Iles, Greg","MD",0,19404.5,7.37627013630731,3199,0,1,0,1,"Turning Angel"
"658",342,1,0,11.7,1,5.23804213135068,0,1855,"Moore, Patrick","MA",0,14048.5,9.17627013630731,3836,0,1,0,0,"Tweaked"
"659",371,0,1,3.8,1,3.83804213135069,0,1856,"Myracle, Lauren","MI",0,2966,-2.22372986369269,3496,0,0,0,0,"Twelve"
"660",897,0,0,13.4,1,6.83804213135069,0,1860,"Hawthorne, Nathaniel","VT",0,8467,5.37627013630731,3224,0,1,0,0,"Twice Told Tales"
"661",810,0,0,2,1,2.33804213135069,0,1861,"Meyer, Stephenie","PA",0,4218,-1.62372986369269,3600,0,0,0,0,"Twilight (series)"
"662",811,0,0,2,1,2.33804213135069,0,1871,"Joyce, James","PA",0,4218,-1.62372986369269,3600,0,0,0,0,"Ulysses"
"663",354,0,0,8.5,1,4.23804213135068,0,1872,"Brannen, Sarah S.","MD",0,19404.5,7.37627013630731,3199,0,0,1,0,"Uncle Bobby's Wedding"
"664",160,0,0,-0.2,0,7.33804213135069,0,1875,"Willhoite, Michael","CO",0,10346.5,8.67627013630731,1426,0,0,0,0,"Uncle What-is-it Is Coming to Visit"
"665",105,0,0,-0.2,1,7.33804213135069,1,1877,"Davidson, Mary Janice","CO",0,10346.5,8.67627013630731,3490,0,1,0,0,"Undead and Unworthy"
"666",508,1,0,-0.7,1,3.43804213135068,1,1882,"Braff, Joshua","OH",0,2469,-2.92372986369269,3380,0,1,0,0,"Unthinkable Thoughts of Jacob Green, The"
"667",899,0,0,13.4,1,6.83804213135069,0,1887,"Miller, Neil Z.","VT",0,8467,5.37627013630731,3681,0,0,0,0,"Vaccines:  Are They Really Safe and Effective? A Parents Guide to Childhood Shots"
"668",69,0,0,7.4,0,-2.76195786864932,1,1892,"Yolen, Jane and Martin H. Greenberg","CA",0,10119,2.57627013630731,2759,0,0,0,0,"Vampires"
"669",161,0,0,-0.2,0,7.33804213135069,1,1897,"Tan, Cecilia","CO",0,10346.5,8.67627013630731,1426,0,0,0,0,"Velderet"
"670",455,0,0,-10.4,1,4.33804213135069,0,1902,"Crew, Gary","ND",0,-813,-2.02372986369269,3711,0,0,0,0,"Viewer, The"
"671",243,0,0,-17.4,0,5.13804213135069,1,1903,"Updike, John","ID",0,3194,-2.32372986369269,2399,0,1,0,0,"Villages"
"672",463,0,0,1.6,1,7.83804213135069,0,1907,"Hahn, Mary Downing","NH",0,17303,4.67627013630731,3730,0,0,0,0,"Wait Till Helen Comes"
"673",837,0,0,-7.8,1,-3.26195786864932,1,1909,"Dickey, Eric Jerome","SC",0,-2191.5,-3.62372986369269,3638,0,0,0,0,"Waking with Enemies"
"674",521,0,0,-0.7,1,3.43804213135068,0,1911,"Kotzwinkle, William","OH",0,2469,-2.92372986369269,3580,0,1,0,0,"Walter the Farting Dog"
"675",162,0,0,-0.2,0,7.33804213135069,0,1924,"Crew, Gary","CO",0,10346.5,8.67627013630731,1426,0,0,0,0,"Water Tower"
"676",596,0,0,4,0,5.53804213135068,0,1925,"Rupp, Rebecca","OR",0,1274.5,1.07627013630731,1857,0,0,0,0,"Waterstone, The"
"677",890,0,0,-1.7,0,1.93804213135068,0,1926,"Curtis, Christopher Paul","VA",0,11296,5.47627013630731,901,0,1,0,0,"Watsons Go to Birmingham, The"
"678",55,0,0,7.4,0,-2.76195786864932,1,1928,"Mowry, Jess","CA",0,10119,2.57627013630731,1026,0,1,0,0,"Way Past Cool"
"679",308,1,1,-11.5,0,6.43804213135068,1,1930,"Cormier, Robert","KS",0,144.5,1.77627013630731,1380,0,1,0,0,"We All Fall Down"
"680",849,0,0,-8.7,0,-3.66195786864931,0,1936,"Overend, Jenni","TN",0,-2995.5,-4.42372986369269,1924,0,0,0,0,"Welcome with Love"
"681",525,1,1,-0.7,0,3.43804213135068,0,1941,"Crutcher, Chris","OH",0,2469,-2.92372986369269,2854,0,1,0,0,"Whale Talk"
"682",812,0,0,2,1,2.33804213135069,0,1944,"Giles, Gail","PA",0,4218,-1.62372986369269,3600,0,0,0,0,"What Happened to Cass McBride?"
"683",319,0,0,-10.4,1,-5.46195786864932,1,1952,"Sones, Sonya","KY",0,-5880.5,-6.92372986369269,3628,0,0,0,0,"What My Mother Doesn't Know"
"684",27,0,0,-6.1,0,1.43804213135068,0,1951,"Sones, Sonya","AZ",0,3490.5,-0.52372986369269,1748,0,1,0,0,"What My Mother Doesnt Know"
"685",146,0,0,-0.2,0,7.33804213135069,0,1942,"Lester, Julius and Joe Cepeda","CO",0,10346.5,8.67627013630731,1800,0,0,0,0,"What a Truly Cool World"
"686",295,0,0,-6.2,0,2.53804213135068,0,1954,"St. Joseph County Public Library","IN",0,1086.5,-4.62372986369269,840,0,0,0,0,"What to Do When Stopped by Police"
"687",437,1,0,-4.3,1,-1.46195786864932,0,1957,"Mayle, Peter","NC",0,-310,-1.52372986369269,3198,0,0,0,0,"What's Happening to Me?"
"688",373,0,0,3.8,1,3.83804213135069,0,1959,"Madaras, Lynda","MI",0,2966,-2.22372986369269,3363,0,0,0,0,"What's Happening to My Body?: Book for Girls"
"689",119,0,0,-0.2,0,7.33804213135069,0,1962,"Johnson, Kevin and James R. White","CO",0,10346.5,8.67627013630731,1426,0,0,0,0,"What's With the Dudes at the Door?"
"690",147,0,0,-0.2,0,7.33804213135069,0,1962,"Johnson, Kevin and James R. White","CO",0,10346.5,8.67627013630731,1800,0,0,0,0,"What's with the Dudes at the Door?"
"691",498,1,0,10.2,0,-0.461957868649321,0,1963,"Kushner, Harold S.","NY",0,5007.5,3.37627013630731,2799,0,0,0,0,"When Bad Things Happen to Good People"
"692",928,1,0,-19.7,0,8.33804213135069,0,1964,"Lester, Julius","WY",0,4081.5,-2.12372986369269,841,0,0,0,1,"When Dad Killed Mom"
"693",825,0,0,11.2,0,-1.56195786864932,1,1966,"Clarke, Will","RI",0,8141,1.57627013630731,3014,0,1,0,0,"When I Was A Loser"
"694",675,0,0,4,0,5.53804213135068,0,1970,"Giblin, James Cross","OR",0,1274.5,1.07627013630731,180,0,0,0,0,"When Plague Strikes"
"695",25,1,0,-6.1,0,1.43804213135068,0,1971,"Voight, Cynthia","AZ",0,3490.5,-0.52372986369269,2838,0,1,0,1,"When She Hollers"
"696",813,0,0,2,1,2.33804213135069,0,1972,"Mazer, Norma Fox","PA",0,4218,-1.62372986369269,3600,0,0,0,0,"When She Was Good"
"697",148,0,0,-0.2,0,7.33804213135069,0,1977,"Manoy, Lauren","CO",0,10346.5,8.67627013630731,1800,1,0,0,0,"Where to Park Your Broomstick"
"698",814,0,0,2,1,2.33804213135069,0,1981,"Bruchac, Joseph","PA",0,4218,-1.62372986369269,3600,0,0,0,0,"Whisper In the Dark"
"699",20,0,1,-8.8,0,-4.26195786864932,1,1984,"Pullman, Philip","AR",0,-6258.5,-7.32372986369269,690,0,1,0,0,"White Mercedes, The"
"700",532,0,0,-0.7,1,3.43804213135068,0,1993,"Skutch, Robert","OH",0,2469,-2.92372986369269,3802,0,0,1,0,"Who's in a Family?"
"701",658,0,0,4,0,5.53804213135068,1,1990,"Newman, Felice","OR",0,1274.5,1.07627013630731,510,0,0,0,0,"Whole Lesbian Sex Book, The"
"702",659,0,0,4,0,5.53804213135068,0,1995,"Telesco, Patricia","OR",0,1274.5,1.07627013630731,510,1,0,0,0,"Wicca 2000"
"703",365,1,0,3.8,0,3.83804213135069,0,1996,"Sabrina, Lady","MI",0,2966,-2.22372986369269,992,1,0,0,0,"Wiccan Magick for Beginners"
"704",369,0,0,3.8,1,3.83804213135069,0,2001,"Fielding, Joy","MI",0,2966,-2.22372986369269,3764,0,1,0,1,"Wild Zone"
"705",88,1,0,-0.2,0,7.33804213135069,0,2002,"Mayle, Peter","CO",0,10346.5,8.67627013630731,1426,0,0,0,0,"Will I Go To Heaven"
"706",242,1,1,-17.4,0,5.13804213135069,1,2010,"Pike, Christopher","ID",0,3194,-2.32372986369269,120,0,0,0,1,"Witch"
"707",393,0,0,3.8,0,3.83804213135069,0,2013,"Speare, Elizabeth George","MI",0,2966,-2.22372986369269,480,0,0,0,0,"Witch of Blackbird Pond, The"
"708",70,0,0,7.4,0,-2.76195786864932,0,2019,"Barth, Edna","CA",0,10119,2.57627013630731,1697,1,0,0,0,"Witches, Pumpkins and Grinning Ghosts"
"709",8,0,0,-13.4,0,8.73804213135068,0,2023,"Hesse, Karen","AK",0,15707.5,0.676270136307309,1351,0,0,0,0,"Witness"
"710",367,0,0,3.8,NA,3.83804213135069,1,2028,"Hoeg, Peter","MI",0,2966,-2.22372986369269,NA,0,0,0,0,"Woman and the Ape, The"
"711",629,0,0,4,0,5.53804213135068,1,2030,"Hekmat, Anwar","OR",0,1274.5,1.07627013630731,990,0,0,0,0,"Women and the Koran"
"712",815,0,0,2,1,2.33804213135069,0,2033,"Davis, Amanda","PA",0,4218,-1.62372986369269,3600,0,0,0,0,"Wonder When You'll Miss Me"
"713",255,1,0,7.7,0,1.83804213135069,0,2034,"Dahl, Roald","IL",0,6489.5,2.07627013630731,2759,0,0,0,1,"Wonderful Story Henry Sugar and Six More, The"
"714",903,0,0,13.4,0,6.83804213135069,0,2037,NA,"VT",0,8467,5.37627013630731,1314,0,0,0,1,"World of Wrestling (series)"
"715",816,0,0,2,1,2.33804213135069,0,2041,"Spinelli, Jerry","PA",0,4218,-1.62372986369269,3600,0,0,0,0,"Wringer"
"716",485,0,0,10.2,1,-0.461957868649321,0,2048,"Tateno, Makoto","NY",0,5007.5,3.37627013630731,3675,0,0,1,0,"Yellow Volumes 1-4"
"717",48,1,0,7.4,1,-2.76195786864932,0,2049,"Wells, Rosemary","CA",0,10119,2.57627013630731,3483,0,0,0,0,"Yoko"
"718",156,0,0,-0.2,0,7.33804213135069,0,2051,"Franco, Betsy","CO",0,10346.5,8.67627013630731,1440,0,1,0,0,"You Hear Me?"
"719",163,0,0,-0.2,0,7.33804213135069,0,2054,"Goldsmith, Olivia","CO",0,10346.5,8.67627013630731,1426,0,1,0,0,"Young Wives"
"720",545,0,0,-16.9,0,1.03804213135068,0,2055,"Bunting, Eve","OK",0,-3087.5,-3.72372986369269,3014,0,0,0,0,"Your Move"
"721",349,0,0,11.7,0,5.23804213135068,1,2056,"Frei, Irene Gonzalez","MA",0,14048.5,9.17627013630731,0,0,0,0,0,"Your Name Written on Water:  An Erotic Novel"
"722",31,0,0,-6.1,1,1.43804213135068,1,2057,"Togashi, Yoshihiro","AZ",0,3490.5,-0.52372986369269,3240,0,0,0,1,"Yu Yu Hakusho (series)"
"723",502,0,0,10.2,1,-0.461957868649321,0,2060,"Kutner, Merrily","NY",0,5007.5,3.37627013630731,3156,0,0,0,0,"Z is for Zombie"
"724",149,0,0,-0.2,0,7.33804213135069,0,2063,"Stieg, William","CO",0,10346.5,8.67627013630731,1800,0,0,0,1,"Zeke Pippin"
