"Country","Year","GER","NER"
"Afghanistan","2007",29.08917046,26.55995
"Afghanistan","2013",54.75421906,46.1909
"Afghanistan","2014",54.23548126,46.0584
"Afghanistan","2015",53.28514099,45.43273
"Afghanistan","2016",53.50634003,46.6585
"Afghanistan","2017",55.4021492,48.44288
"Afghanistan","2018",57.03929901,50.1407
"Albania","2013",103.7651596,84.39599
"Albania","2014",104.2880325,86.39145
"Albania","2015",103.0848999,87.38842
"Albania","2016",100.2199783,86.48091
"Albania","2017",99.30895996,86.6726
"Albania","2018",99.85478973,86.60827
"Angola","2008",22.31722069,9.15376
"Angola","2009",23.85004997,9.63002
"Angola","2010",27.68209076,11.29064
"Antigua and Barbuda","2009",117.81633,92.48712
"Antigua and Barbuda","2014",114.9096603,83.36424
"Antigua and Barbuda","2015",117.027771,86.00054
"Antigua and Barbuda","2017",116.5304031,87.74032
"Antigua and Barbuda","2018",120.9359589,88.78981
"Argentina","2004",95.99761963,78.53653
"Argentina","2005",94.18666077,77.93493
"Argentina","2006",92.96173096,77.80917
"Argentina","2007",92.61042023,77.68491
"Argentina","2008",93.50382233,78.65304
"Argentina","2009",96.6370163,80.56529
"Argentina","2010",99.23000336,82.09918
"Argentina","2011",100.9938431,83.52317
"Argentina","2012",102.7823029,85.89363
"Argentina","2013",104.5967484,87.09754
"Argentina","2014",106.0921326,87.6325
"Argentina","2015",107.5490723,88.44048
"Argentina","2016",109.6459427,89.88468
"Argentina","2017",110.4124069,90.79605
"Armenia","2005",86.74301147,86.5328
"Armenia","2006",89.11322021,88.92706
"Armenia","2007",89.97132874,91.63539
"Armenia","2008",89.15847015,86.10852
"Armenia","2009",94.77201843,92.32107
"Armenia","2010",100.5190887,92.50998
"Armenia","2011",90.08052826,87.74122
"Aruba","2004",100.6495438,73.44491
"Aruba","2005",101.7298126,75.12471
"Aruba","2007",110.6368027,80.52762
"Aruba","2008",100.0826035,74.48249
"Aruba","2009",100.0672607,77.72432
"Aruba","2011",97.36077881,76.94634
"Australia","2015",159.1107635,93.23812
"Australia","2016",155.5943909,92.76952
"Australia","2017",153.5761261,92.28431
"Austria","2004",99.2856369,88.60349
"Austria","2005",100.1994324,89.18387
"Austria","2006",100.4166794,89.26828
"Austria","2007",100.1025696,88.21249
"Austria","2008",100.1261292,88.16806
"Austria","2009",100.5940933,87.93998
"Austria","2010",100.2639694,86.79411
"Austria","2011",99.67295837,86.61554
"Austria","2012",100.1087265,86.14129
"Austria","2013",101.1732101,86.22208
"Austria","2014",101.3048096,86.55112
"Austria","2015",101.4115829,86.71155
"Austria","2016",100.2279892,87.37319
"Austria","2017",100.3378983,87.00131
"Azerbaijan","2018",94.48007965,88.53256
"Bahamas, The","2004",80.69721222,79.4314
"Bahamas, The","2005",81.6555481,82.12592
"Bahamas, The","2006",82.06999969,83.14323
"Bahamas, The","2007",85.14444733,85.49348
"Bahamas, The","2008",85.34673309,84.04865
"Bahamas, The","2009",84.87864685,81.54506
"Bahamas, The","2010",85.44677734,79.75847
"Bahamas, The","2011",82.03259277,74.73581
"Bahamas, The","2012",83.03085327,75.71744
"Bahamas, The","2013",74.5845871,68.50649
"Bahamas, The","2014",79.04046631,72.62728
"Bahrain","2004",86.30526733,86.78134
"Bahrain","2005",83.22975159,87.7959
"Bahrain","2006",83.67874908,88.17757
"Bahrain","2008",88.52838898,84.73309
"Bahrain","2009",89.85980988,85.1202
"Bahrain","2010",90.04248047,86.11679
"Bahrain","2011",92.42067719,87.53958
"Bahrain","2012",95.42397308,84.05848
"Bahrain","2013",105.0425491,85.36073
"Bahrain","2014",104.1947632,88.29499
"Bahrain","2015",100.8134537,91.09603
"Bahrain","2016",101.8395081,93.07504
"Bahrain","2017",101.7575073,92.35773
"Bahrain","2018",100.4350967,90.19346
"Bangladesh","2004",47.86413956,45.27481
"Bangladesh","2005",46.60287857,43.94428
"Bangladesh","2006",47.08378983,44.60284
"Bangladesh","2007",47.90071869,45.41006
"Bangladesh","2009",49.73410034,46.3405
"Bangladesh","2010",51.18600082,47.65124
"Bangladesh","2011",51.50299835,47.29212
"Bangladesh","2012",53.65340042,49.66535
"Bangladesh","2013",57.95899963,54.27441
"Bangladesh","2015",62.03123093,59.13634
"Bangladesh","2016",66.92299652,65.21977
"Bangladesh","2017",64.85600281,63.74088
"Bangladesh","2018",67.42099762,66.54968
"Barbados","2004",106.9223404,93.05113
"Barbados","2005",107.7310028,92.19581
"Barbados","2006",106.9267807,91.74959
"Barbados","2007",108.9015503,92.11493
"Barbados","2008",110.2754593,88.21988
"Barbados","2009",109.8566666,84.39782
"Barbados","2010",107.4451675,85.18712
"Barbados","2011",107.0609283,88.83452
"Barbados","2014",108.174942,99.28103
"Barbados","2015",108.2815323,98.12713
"Barbados","2016",108.4780121,95.9634
"Barbados","2017",110.0070572,95.94098
"Barbados","2018",108.4626465,93.63078
"Belarus","2010",111.0781631,94.90999
"Belarus","2011",107.9893265,95.19412
"Belarus","2012",105.3053284,96.37232
"Belarus","2013",100.9953766,97.40129
"Belarus","2014",98.98171234,98.06344
"Belarus","2015",97.52033234,98.50839
"Belarus","2016",97.04808807,97.60838
"Belarus","2017",96.01177216,96.37553
"Belarus","2018",95.49971771,95.63948
"Belgium","2004",151.638092,97.69044
"Belgium","2005",157.343399,97.54728
"Belgium","2006",158.6851044,97.9871
"Belgium","2007",159.4398956,96.35917
"Belgium","2008",160.468811,94.63375
"Belgium","2009",159.6615448,93.46701
"Belgium","2010",160.6604767,92.69016
"Belgium","2011",159.3493042,92.56495
"Belgium","2012",160.1105347,93.15346
"Belgium","2013",161.8458862,93.63938
"Belgium","2014",162.4219818,93.83306
"Belgium","2015",164.0798187,93.65346
"Belgium","2016",160.68927,94.11758
"Belgium","2017",158.6702881,94.94691
"Belize","2005",75.5892334,65.00642
"Belize","2006",76.1658783,64.72732
"Belize","2007",75.28037262,64.16498
"Belize","2008",75.04400635,63.37331
"Belize","2009",74.64115906,63.70928
"Belize","2010",75.10253143,63.64555
"Belize","2011",75.62545013,65.33882
"Belize","2012",78.31773376,67.45447
"Belize","2013",80.19975281,69.13129
"Belize","2014",79.97025299,69.22614
"Belize","2015",80.97367096,69.39745
"Belize","2016",87.49759674,72.08962
"Belize","2017",84.77844238,70.34414
"Belize","2018",86.31658173,71.149
"Benin","2013",54.08707809,43.42783
"Benin","2015",57.3949585,46.58049
"Bermuda","2010",93.18708801,58.19615
"Bermuda","2011",92.70385742,72.76762
"Bhutan","2005",44.00772858,33.86471
"Bhutan","2006",46.44665909,36.80107
"Bhutan","2008",53.49200058,44.05713
"Bhutan","2009",58.5107193,45.84115
"Bhutan","2010",62.85636902,50.06988
"Bhutan","2011",66.87548828,51.61726
"Bhutan","2012",71.99503326,55.06652
"Bhutan","2013",76.55275726,58.16924
"Bhutan","2014",84.04419708,61.73468
"Bhutan","2015",85.19419098,63.7082
"Bhutan","2016",85.68351746,64.54163
"Bhutan","2017",86.61470032,67.06537
"Bhutan","2018",87.52884674,70.19893
"Bolivia","2004",86.3809967,74.14804
"Bolivia","2005",87.42555237,74.68435
"Bolivia","2006",86.59062958,74.05262
"Bolivia","2007",86.04959869,73.1655
"Bolivia","2008",85.36837769,72.09962
"Bolivia","2009",83.75238037,72.78282
"Bolivia","2010",88.95220184,72.78318
"Bolivia","2011",86.17041779,72.385
"Bolivia","2012",88.13652802,73.56987
"Bolivia","2013",89.92642212,75.20722
"Bolivia","2014",90.59773254,75.86576
"Bolivia","2015",91.79682159,76.68761
"Bolivia","2016",91.86393738,76.9402
"Bolivia","2017",90.684021,76.1901
"Bolivia","2018",90.00900269,76.55438
"Brazil","2012",94.32097626,76.39968
"Brazil","2013",103.9176788,82.04583
"Brazil","2014",102.6355286,81.92489
"Brazil","2015",100.920517,81.68909
"Brazil","2016",102.5695114,82.32779
"Brazil","2017",103.0159607,81.72855
"British Virgin Islands","2011",98.41351318,80.07246
"British Virgin Islands","2012",98.1425705,80.17795
"British Virgin Islands","2013",96.53320313,79.1587
"British Virgin Islands","2014",96.45630646,79.13165
"British Virgin Islands","2015",99.16829681,79.98163
"British Virgin Islands","2016",100,78.12074
"British Virgin Islands","2017",91.70394135,68.10811
"Brunei Darussalam","2005",82.25286865,88.24888
"Brunei Darussalam","2006",87.09358978,89.34426
"Brunei Darussalam","2007",88.99275208,87.6805
"Brunei Darussalam","2008",91.63420868,87.52486
"Brunei Darussalam","2009",95.49125671,89.11406
"Brunei Darussalam","2010",97.91603851,90.15449
"Brunei Darussalam","2011",101.3029175,91.16476
"Brunei Darussalam","2012",106.5197525,93.3478
"Brunei Darussalam","2013",105.0645828,91.37788
"Brunei Darussalam","2014",99.62799072,87.44971
"Brunei Darussalam","2015",107.5790024,85.06305
"Brunei Darussalam","2016",93.40859985,83.7965
"Brunei Darussalam","2017",91.6632309,84.04573
"Brunei Darussalam","2018",91.49577332,82.64549
"Bulgaria","2004",90.53427124,85.78885
"Bulgaria","2005",91.36676788,85.89795
"Bulgaria","2006",92.41201019,85.10716
"Bulgaria","2007",93.15415955,84.9176
"Bulgaria","2008",92.38407135,84.19548
"Bulgaria","2009",92.52137756,83.43903
"Bulgaria","2010",94.18192291,83.95626
"Bulgaria","2011",96.43612671,85.72393
"Bulgaria","2012",95.39035034,86.73715
"Bulgaria","2013",101.1525421,90.03958
"Bulgaria","2014",103.0132904,91.02326
"Bulgaria","2015",100.0604706,91.22931
"Bulgaria","2016",97.34303284,90.10467
"Bulgaria","2017",95.7457428,89.05757
"Burkina Faso","2004",12.43412018,10.55512
"Burkina Faso","2005",13.44847012,11.39514
"Burkina Faso","2006",14.23978996,12.2104
"Burkina Faso","2007",15.36944962,12.92052
"Burkina Faso","2008",18.09885025,14.773
"Burkina Faso","2009",19.54380035,15.822
"Burkina Faso","2010",21.28375053,16.48295
"Burkina Faso","2011",23.28587914,18.46052
"Burkina Faso","2012",25.34852028,19.74492
"Burkina Faso","2013",27.7329998,21.66185
"Burkina Faso","2015",33.09024811,26.53378
"Burkina Faso","2016",35.15084839,28.10485
"Burkina Faso","2017",37.37361145,29.14227
"Burkina Faso","2018",39.82088852,31.00148
"Burundi","2009",21.44186974,13.09097
"Burundi","2010",24.39565086,15.17589
"Burundi","2011",27.53421021,16.88675
"Burundi","2012",30.41756058,18.42151
"Burundi","2013",35.21596146,21.40103
"Burundi","2014",41.4826889,25.95054
"Burundi","2015",45.28647995,28.89895
"Burundi","2016",48.99528122,32.18514
"Burundi","2017",49.80751038,28.30495
"Burundi","2018",47.8539505,27.52277
"Cabo Verde","2004",67.23017883,57.0896
"Cabo Verde","2005",70.5629425,60.3446
"Cabo Verde","2006",81.75602722,60.58402
"Cabo Verde","2007",80.43589783,62.50202
"Cabo Verde","2009",81.0220871,65.28223
"Cabo Verde","2010",83.46911621,65.4943
"Cabo Verde","2012",86.70752716,69.36106
"Cabo Verde","2013",89.00969696,70.65632
"Cabo Verde","2014",87.44262695,71.03095
"Cabo Verde","2015",87.53730774,71.74531
"Cabo Verde","2016",87.70491028,71.59851
"Cabo Verde","2017",87.0911026,71.43748
"Cabo Verde","2018",83.2423172,70.42826
"Cambodia","2004",31.98047066,27.44903
"Cambodia","2006",40.74510956,32.26357
"Cambodia","2007",43.9667511,35.91496
"Cambodia","2008",47.02080917,38.33132
"Cameroon","2012",52.17362976,39.66006
"Cameroon","2013",53.98152161,41.01904
"Cameroon","2014",58.17964935,43.96082
"Cameroon","2015",59.55471039,45.01617
"Cameroon","2016",60.46559143,45.99349
"Canada","2012",110.9018021,92.14326
"Canada","2013",111.519577,91.46145
"Canada","2014",111.8559113,90.95273
"Canada","2015",111.9304504,92.4135
"Canada","2016",111.7702866,99.32178
"Canada","2017",111.8021011,99.80968
"Central African Republic","2009",12.23548985,10.45646
"Central African Republic","2011",15.8301096,13.81829
"Central African Republic","2012",15.55033016,13.61317
"Central African Republic","2017",15.42516041,12.71989
"Chad","2015",23.02865982,18.44135
"Chad","2016",23.35150909,18.8551
"Chile","2007",91.55079651,86.66387
"Chile","2008",91.54200745,85.6857
"Chile","2009",89.85975647,83.55124
"Chile","2010",90.99951172,84.80201
"Chile","2011",90.98262024,85.24744
"Chile","2012",89.50314331,84.55065
"Chile","2013",99.15207672,87.8075
"Chile","2014",99.86544037,88.54193
"Chile","2015",100.9216766,88.96612
"Chile","2016",101.4881363,88.96576
"Chile","2017",102.2948227,88.65187
"Colombia","2005",86.96164703,63.648
"Colombia","2006",90.28766632,67.7345
"Colombia","2007",93.01280975,70.40955
"Colombia","2008",94.23155212,71.39134
"Colombia","2009",98.27008057,74.13559
"Colombia","2010",99.95436859,75.30739
"Colombia","2011",101.2058182,77.26227
"Colombia","2012",97.2326889,75.66677
"Colombia","2013",98.10150146,76.31163
"Colombia","2014",97.36328888,75.58286
"Colombia","2015",97.67411804,75.60237
"Colombia","2016",98.41562653,76.20192
"Colombia","2017",99.21932983,76.5618
"Colombia","2018",100.3733368,77.47078
"Comoros","2013",59.08190918,44.41592
"Comoros","2014",60.55020905,44.7685
"Comoros","2017",57.2523613,42.9786
"Comoros","2018",62.86949921,50.35748
"Costa Rica","2011",102.4320297,75.30508
"Costa Rica","2012",105.1989594,75.64349
"Costa Rica","2013",110.994751,76.95778
"Costa Rica","2014",115.6500092,77.99166
"Costa Rica","2015",117.9162827,80.32835
"Costa Rica","2016",119.9945602,82.5849
"Costa Rica","2017",123.8349915,81.86735
"Costa Rica","2018",128.4750061,82.44799
"Cote d'Ivoire","2014",38.4756012,30.17366
"Cote d'Ivoire","2016",43.8949585,34.6828
"Cote d'Ivoire","2017",46.8549614,37.99436
"Cote d'Ivoire","2018",49.04579926,40.19814
"Croatia","2005",99.07688904,88.49412
"Croatia","2008",98.99922943,93.3058
"Croatia","2009",98.93942261,96.49343
"Croatia","2010",98.89552307,95.03317
"Croatia","2011",99.26560211,94.33046
"Croatia","2012",99.34638977,94.13438
"Croatia","2013",100.9089966,93.30197
"Croatia","2014",100.8413467,92.39203
"Croatia","2015",100.7059402,92.24036
"Croatia","2016",101.1288834,91.87656
"Croatia","2017",101.3237991,92.39267
"Cuba","2004",91.30542755,85.1098
"Cuba","2005",92.61843109,86.64633
"Cuba","2006",93.41139221,88.66745
"Cuba","2007",93.35877228,88.32925
"Cuba","2008",93.32717133,87.50112
"Cuba","2009",92.15505219,85.67697
"Cuba","2010",92.33094025,88.24106
"Cuba","2011",92.01783752,87.90295
"Cuba","2012",90.63249969,86.64642
"Cuba","2013",90.87412262,87.24085
"Cuba","2014",96.14260101,85.14799
"Cuba","2015",96.27414703,83.56161
"Cuba","2016",98.02237701,84.18424
"Cuba","2017",99.27629089,84.18099
"Cuba","2018",100.1853638,84.18162
"Cyprus","2004",96.29353333,93.00759
"Cyprus","2005",94.00523376,94.10166
"Cyprus","2006",93.14047241,94.05908
"Cyprus","2007",92.91394043,95.09996
"Cyprus","2008",92.36916351,95.80445
"Cyprus","2009",91.92617798,95.52999
"Cyprus","2010",91.44080353,88.83383
"Cyprus","2011",92.82562256,89.68342
"Cyprus","2012",95.29985046,91.83179
"Cyprus","2013",98.31169128,93.17237
"Cyprus","2014",99.41673279,94.71498
"Cyprus","2015",99.77831268,94.63238
"Cyprus","2016",99.11930847,94.09316
"Cyprus","2017",100.33255,95.337
"Czechia","2004",95.47457123,89.68074
"Czechia","2013",106.8750687,87.77459
"Czechia","2014",106.1185074,88.87644
"Czechia","2015",104.8105164,90.16472
"Czechia","2016",103.0150833,91.00416
"Czechia","2017",102.2046967,90.51857
"Denmark","2004",121.3480911,91.19584
"Denmark","2005",122.0801468,91.57663
"Denmark","2006",118.1734772,89.38548
"Denmark","2007",117.9941406,89.25386
"Denmark","2008",117.2729721,89.33902
"Denmark","2009",117.1318893,89.83744
"Denmark","2010",118.9440536,90.13414
"Denmark","2011",121.8165207,91.17921
"Denmark","2012",124.5771866,90.22411
"Denmark","2013",131.6923065,90.11001
"Denmark","2014",132.451355,89.4441
"Denmark","2015",133.7954712,89.39882
"Denmark","2016",131.4412994,89.88581
"Denmark","2017",130.3244324,90.92146
"Djibouti","2004",21.57035065,19.26153
"Djibouti","2005",24.14856911,21.2435
"Djibouti","2008",30.74848938,26.46648
"Djibouti","2015",39.05390167,37.8168
"Dominica","2004",115.0307693,87.40997
"Dominica","2005",114.5045166,84.78321
"Dominica","2006",113.6363602,72.56556
"Dominica","2009",112.0012436,70.23535
"Dominica","2010",108.7956314,73.52168
"Dominica","2011",109.1412277,72.73973
"Dominica","2015",93.76158905,80.9661
"Dominican Republic","2004",68.88931274,50.03848
"Dominican Republic","2005",70.52304077,53.29682
"Dominican Republic","2007",79.92154694,62.2369
"Dominican Republic","2008",78.75715637,60.8427
"Dominican Republic","2009",80.71199799,64.31607
"Dominican Republic","2010",77.97183228,63.72856
"Dominican Republic","2011",77.42722321,63.17685
"Dominican Republic","2012",77.98610687,63.82419
"Dominican Republic","2013",79.17150116,65.55798
"Dominican Republic","2014",80.1145401,66.95176
"Dominican Republic","2015",79.9378891,67.83227
"Dominican Republic","2016",80.09446716,68.88978
"Dominican Republic","2017",79.94068146,70.27235
"Dominican Republic","2018",80.21592712,70.60614
"Ecuador","2004",57.81555939,50.72485
"Ecuador","2005",60.55744171,53.08892
"Ecuador","2006",62.90222931,54.49689
"Ecuador","2007",64.56517029,56.01364
"Ecuador","2009",87.50814056,69.16066
"Ecuador","2010",91.60272217,71.80644
"Ecuador","2011",96.20481873,72.8084
"Ecuador","2012",99.64910889,76.17987
"Ecuador","2013",102.5110703,80.13801
"Ecuador","2014",105.426033,83.36107
"Ecuador","2015",104.62043,84.72536
"Ecuador","2016",104.213707,85.92267
"Ecuador","2017",102.6193695,85.3386
"Ecuador","2018",101.7423096,84.67039
"Egypt, Arab Rep.","2014",75.66780853,76.81479
"Egypt, Arab Rep.","2016",78.5734024,80.74153
"Egypt, Arab Rep.","2017",79.36119843,81.65996
"Egypt, Arab Rep.","2018",79.98683929,82.77635
"El Salvador","2005",67.41905212,57.372
"El Salvador","2006",67.12787628,56.26755
"El Salvador","2007",66.96620941,56.40539
"El Salvador","2008",65.72485352,57.25487
"El Salvador","2009",66.28148651,58.78916
"El Salvador","2010",67.69901276,61.23691
"El Salvador","2011",69.28766632,63.49826
"El Salvador","2012",70.36251831,65.32173
"El Salvador","2013",73.24143219,67.03843
"El Salvador","2014",72.4806366,66.52072
"El Salvador","2015",70.69818878,65.16322
"El Salvador","2016",69.12902832,63.97324
"El Salvador","2017",60.89699936,60.18056
"El Salvador","2018",61.24100113,61.83092
"Equatorial Guinea","2005",18.38174057,20.36275
"Eritrea","2004",44.65032959,29.89231
"Eritrea","2005",48.88262177,32.07118
"Eritrea","2006",50.39802933,34.31103
"Eritrea","2007",47.46791077,35.72305
"Eritrea","2008",48.60443115,38.30874
"Eritrea","2009",49.00201035,42.17554
"Eritrea","2010",48.7314415,46.63161
"Eritrea","2011",48.98136902,48.75162
"Eritrea","2012",49.77939987,51.39255
"Eritrea","2013",48.38063812,48.24244
"Eritrea","2014",47.65390015,48.19877
"Eritrea","2015",43.28332138,42.78074
"Eritrea","2017",41.87742996,40.69051
"Eritrea","2018",42.94683075,41.57501
"Estonia","2004",101.4452286,91.47287
"Estonia","2005",104.2218475,93.41205
"Estonia","2006",104.0280304,93.78821
"Estonia","2007",105.0911789,92.89928
"Estonia","2008",105.3950119,91.89447
"Estonia","2009",107.4255524,91.23404
"Estonia","2010",110.8886795,90.93238
"Estonia","2011",112.2874069,91.33162
"Estonia","2012",112.5360031,91.28602
"Estonia","2013",110.5217133,92.09885
"Estonia","2014",107.6858215,92.68432
"Estonia","2015",108.6216965,93.82438
"Estonia","2016",111.596199,94.2014
"Estonia","2017",113.2497864,94.36474
"Eswatini","2004",46.60847092,37.26517
"Eswatini","2005",48.54563141,35.74311
"Eswatini","2006",52.37770844,31.48725
"Eswatini","2007",56.16275024,32.8932
"Eswatini","2009",57.97122955,36.179
"Eswatini","2010",63.54621124,37.06153
"Eswatini","2011",67.05371857,39.58057
"Eswatini","2012",70.27063751,40.13429
"Eswatini","2013",73.21430969,39.00495
"Eswatini","2014",76.62100983,40.49563
"Eswatini","2015",79.5160675,41.69996
"Ethiopia","2014",34.09999847,30.09293
"Ethiopia","2015",34.86714172,30.8138
"Fiji","2004",79.87145233,83.30853
"Fiji","2006",79.19589996,85.43666
"Fiji","2007",78.85321808,81.22868
"Fiji","2009",79.20950317,80.43713
"Fiji","2011",84.15869141,85.09221
"Fiji","2012",82.42003632,84.52339
"Finland","2004",110.7826691,95.10188
"Finland","2005",111.3261032,95.79214
"Finland","2006",110.2770386,96.22216
"Finland","2007",109.0429001,95.81085
"Finland","2008",108.2983017,94.97304
"Finland","2009",107.7022934,94.24573
"Finland","2010",108.6093903,93.90982
"Finland","2011",109.2489319,93.49709
"Finland","2012",109.962677,92.86466
"Finland","2013",145.6534424,94.476
"Finland","2014",147.4133148,94.61306
"Finland","2015",150.8192139,95.26385
"Finland","2016",152.4714355,95.93474
"Finland","2017",153.5837097,96.1047
"France","2004",102.2200165,88.89251
"France","2005",106.7816772,92.63271
"France","2006",106.9275208,92.66312
"France","2007",106.6935272,92.60787
"France","2008",106.4328384,92.59771
"France","2009",106.2392273,92.6832
"France","2010",106.424942,92.55883
"France","2011",106.6106415,92.86607
"France","2012",105.8135834,93.22666
"France","2013",104.3766022,93.39347
"France","2014",103.425827,92.95679
"France","2015",103.3960419,93.58103
"France","2016",103.3080978,93.95576
"France","2017",103.7560806,94.66595
"Georgia","2005",90.45638275,88.04291
"Georgia","2006",92.86528778,88.2985
"Georgia","2007",99.74874115,91.36429
"Georgia","2008",101.4692688,91.34337
"Georgia","2009",98.02092743,87.67605
"Georgia","2013",105.4487381,88.75413
"Georgia","2014",105.0195084,90.22179
"Georgia","2015",106.2083588,91.29973
"Georgia","2016",107.3454819,92.4141
"Georgia","2017",109.0791016,94.21028
"Georgia","2018",111.1624222,95.94754
"Germany","2004",101.3777771,89.76944
"Germany","2005",101.4364929,90.09314
"Germany","2006",102.4863968,89.71943
"Germany","2007",102.0097733,89.12277
"Germany","2008",103.2407303,89.52043
"Germany","2009",103.3142929,88.17308
"Germany","2010",104.8913574,88.12181
"Germany","2011",105.3465118,88.47512
"Germany","2012",104.4422379,88.0323
"Germany","2013",103.9353333,87.32363
"Germany","2014",103.3038712,86.63283
"Germany","2015",102.1924133,86.12309
"Germany","2016",100.8523102,85.46939
"Germany","2017",101.0956421,85.29882
"Ghana","2005",37.70724869,36.65545
"Ghana","2006",39.61886978,38.06956
"Ghana","2007",43.75249863,43.33563
"Ghana","2008",46.25368881,44.01556
"Ghana","2009",48.27075958,42.53878
"Ghana","2013",68.5841217,52.66323
"Ghana","2014",64.18428802,52.13977
"Ghana","2015",67.10279846,55.58338
"Ghana","2016",67.15789032,55.43891
"Ghana","2017",66.38191986,55.4414
"Ghana","2018",67.75382233,58.2609
"Ghana","2019",70.60788727,57.24406
"Gibraltar","2016",140.1869202,89.36282
"Gibraltar","2017",143.6363525,93.83962
"Greece","2004",100.7303238,86.17291
"Greece","2005",105.6498718,89.97076
"Greece","2006",105.8957672,90.06458
"Greece","2007",104.415062,87.76634
"Greece","2010",111.3004074,95.21512
"Greece","2013",107.6872864,93.39264
"Greece","2014",103.1715469,91.30938
"Greece","2015",102.2276764,92.49466
"Greece","2016",102.0647278,92.48486
"Greece","2017",102.7041931,93.34588
"Grenada","2004",105.8668518,89.13555
"Grenada","2005",100.0717697,86.42776
"Grenada","2013",103.6761703,88.37907
"Grenada","2014",103.3106995,91.55919
"Grenada","2015",101.1627884,95.53421
"Guatemala","2008",45.43096924,36.74233
"Guatemala","2009",48.50426865,38.34263
"Guatemala","2010",52.44293976,41.79092
"Guatemala","2011",53.00074005,42.21131
"Guatemala","2012",53.31100845,42.66609
"Guatemala","2013",53.49951935,42.87372
"Guatemala","2014",53.08995819,43.12295
"Guatemala","2015",54.91804886,44.13192
"Guatemala","2016",54.37519073,43.92075
"Guatemala","2017",54.00778961,43.59611
"Guatemala","2018",54.11301041,43.77665
"Guinea","2004",24.79591942,20.36491
"Guinea","2005",29.18938065,23.22898
"Guinea","2006",32.4525795,25.549
"Guinea","2011",36.99824142,30.02945
"Guinea","2014",38.90892029,32.20633
"Guyana","2009",90.74346161,76.15302
"Guyana","2011",103.8945389,86.77272
"Guyana","2012",105.6907806,82.33976
"Hong Kong SAR, China","2004",81.73477936,74.14769
"Hong Kong SAR, China","2005",83.00366211,75.10865
"Hong Kong SAR, China","2006",83.14646149,75.59361
"Hong Kong SAR, China","2007",84.06655884,76.89025
"Hong Kong SAR, China","2008",85.70259094,78.07838
"Hong Kong SAR, China","2009",86.5672226,78.97387
"Hong Kong SAR, China","2010",87.90540314,79.86728
"Hong Kong SAR, China","2011",86.97820282,78.43632
"Hong Kong SAR, China","2012",108.2574463,90.01135
"Hong Kong SAR, China","2013",102.832077,88.72314
"Hong Kong SAR, China","2014",105.6032028,88.86817
"Hong Kong SAR, China","2015",107.4316864,89.30273
"Hong Kong SAR, China","2016",107.7970963,91.4471
"Hong Kong SAR, China","2017",106.8375702,93.73494
"Hong Kong SAR, China","2018",108.2101669,96.14117
"Hungary","2004",95.94339752,89.71743
"Hungary","2005",97.37264252,90.00626
"Hungary","2006",97.75450134,90.084
"Hungary","2007",97.85533905,90.00401
"Hungary","2008",98.37917328,89.64615
"Hungary","2009",99.74207306,89.1824
"Hungary","2010",101.9954987,89.09243
"Hungary","2011",103.0793915,88.39353
"Hungary","2012",101.2319183,88.94628
"Hungary","2013",107.0681686,89.67352
"Hungary","2014",105.8397675,89.78721
"Hungary","2015",104.5458221,89.1319
"Hungary","2016",104.0468903,89.15815
"Hungary","2017",104.2905121,89.27911
"Iceland","2004",108.1349182,89.68152
"Iceland","2005",108.7529831,90.58223
"Iceland","2006",107.523468,90.6513
"Iceland","2007",106.3270035,89.86835
"Iceland","2008",106.2299423,88.94186
"Iceland","2009",106.4782486,87.03614
"Iceland","2010",108.8190384,87.88673
"Iceland","2011",109.7068634,86.83565
"Iceland","2012",113.5176697,87.162
"Iceland","2013",122.0335693,87.4513
"Iceland","2014",120.6325684,88.68837
"Iceland","2015",119.8073578,89.73447
"Iceland","2016",117.1227722,89.98944
"Iceland","2017",115.7411423,91.2734
"India","2013",69.95680237,61.63147
"Indonesia","2004",63.95927048,54.89742
"Indonesia","2005",62.61054993,53.3964
"Indonesia","2006",65.70893097,57.5779
"Indonesia","2007",73.1319809,64.8416
"Indonesia","2008",71.42672729,64.02634
"Indonesia","2009",75.82556152,64.76545
"Indonesia","2010",76.99651337,66.64897
"Indonesia","2011",79.53672028,72.91917
"Indonesia","2012",81.52964783,74.17695
"Indonesia","2013",84.50791168,75.36034
"Indonesia","2014",85.26289368,75.21275
"Indonesia","2015",89.54357147,75.77185
"Indonesia","2018",94.17591858,78.73112
"Iran, Islamic Rep.","2009",83.82324982,77.81298
"Iran, Islamic Rep.","2010",83.9020462,76.34191
"Iran, Islamic Rep.","2011",88.12077332,78.61445
"Iran, Islamic Rep.","2012",91.70131683,80.44597
"Iran, Islamic Rep.","2013",90.86470795,77.67467
"Iran, Islamic Rep.","2014",91.74295807,77.8726
"Iran, Islamic Rep.","2016",85.48744202,80.17273
"Iran, Islamic Rep.","2017",84.75482941,81.37533
"Iraq","2004",45.23451996,40.46964
"Iraq","2007",50.49810028,45.16146
"Ireland","2004",109.4098816,93.2769
"Ireland","2005",109.7843018,93.59603
"Ireland","2006",109.6034393,93.78802
"Ireland","2007",111.2344971,94.91267
"Ireland","2008",111.2939682,94.53881
"Ireland","2009",114.392662,95.8761
"Ireland","2010",118.0969086,96.66345
"Ireland","2012",117.7521896,98.01034
"Ireland","2014",116.7390976,98.07109
"Ireland","2015",116.9898682,98.10531
"Ireland","2016",117.028717,98.14067
"Ireland","2017",125.3071213,98.6613
"Israel","2004",97.19194031,99.91164
"Israel","2005",96.97492218,99.77489
"Israel","2006",96.70527649,99.74114
"Israel","2007",96.23010254,99.38521
"Israel","2008",95.0427475,98.6916
"Israel","2009",95.80390167,98.56833
"Israel","2010",96.51119232,98.33685
"Israel","2011",96.30815887,98.45622
"Israel","2012",96.29354095,98.49454
"Israel","2013",96.49815369,98.61948
"Israel","2014",96.32904053,98.74113
"Israel","2015",96.33895111,98.99156
"Israel","2016",96.79280853,98.58078
"Israel","2017",96.29299164,98.63822
"Italy","2004",99.07450104,92.39098
"Italy","2005",99.20497894,92.36553
"Italy","2006",99.53304291,93.35992
"Italy","2007",99.83702087,92.96982
"Italy","2008",100.2906723,95.20962
"Italy","2009",100.1748123,95.03722
"Italy","2010",101.4005432,96.34992
"Italy","2011",101.5960083,94.32707
"Italy","2012",100.4495392,93.97184
"Italy","2013",100.9728012,95.33671
"Italy","2014",101.1212387,95.40623
"Italy","2015",101.2275238,95.55489
"Italy","2016",100.742157,95.07944
"Italy","2017",101.0091324,94.66346
"Jamaica","2004",84.13504791,80.86763
"Jamaica","2005",84.37039185,80.61632
"Jamaica","2011",91.66889954,76.80378
"Jamaica","2013",86.77204132,72.92916
"Jamaica","2014",87.79489136,72.78254
"Jamaica","2015",87.49781036,71.87973
"Jamaica","2016",91.16915131,72.66633
"Jamaica","2017",87.67340088,73.20201
"Jamaica","2018",86.66024017,73.96802
"Jordan","2004",83.9303894,78.51319
"Jordan","2005",82.94682312,76.04138
"Jordan","2006",83.52754211,79.17424
"Jordan","2008",78.20934296,79.64796
"Jordan","2011",75.57028198,76.60496
"Jordan","2013",77.84304047,70.12235
"Jordan","2014",72.8187027,68.23358
"Jordan","2017",62.9417305,61.90296
"Jordan","2018",63.4282608,62.59678
"Kazakhstan","2006",99.43842316,94.71818
"Kazakhstan","2010",100.6314163,92.55572
"Kazakhstan","2011",100.9909973,92.91494
"Kazakhstan","2012",101.3639984,93.62616
"Kazakhstan","2013",100.4298477,93.57774
"Kazakhstan","2014",101.9200974,96.95453
"Kazakhstan","2015",102.357933,98.20578
"Kazakhstan","2016",102.2222214,98.66864
"Kazakhstan","2017",102.2297897,99.83544
"Kazakhstan","2018",102.0583115,99.83695
"Kazakhstan","2019",101.4157715,99.83989
"Kenya","2004",46.90048981,38.54144
"Kenya","2005",47.15510941,40.25251
"Kenya","2006",48.79714966,41.16133
"Kenya","2007",50.91231155,43.23433
"Kenya","2008",57.13446045,47.81761
"Kenya","2009",57.87055969,47.42096
"Kiribati","2004",85.63928223,69.09189
"Kiribati","2005",84.04698181,69.13151
"Korea, Rep.","2004",96.99919891,94.51301
"Korea, Rep.","2005",97.2146225,95.19021
"Korea, Rep.","2006",96.77854156,94.37853
"Korea, Rep.","2007",96.71138,94.14674
"Korea, Rep.","2008",96.34893036,93.38299
"Korea, Rep.","2009",96.88542938,94.64991
"Korea, Rep.","2010",97.2930603,94.90295
"Korea, Rep.","2011",97.52941895,95.63541
"Korea, Rep.","2012",97.36741638,96.42506
"Korea, Rep.","2013",97.82875061,97.76121
"Korea, Rep.","2014",98.58067322,98.16688
"Korea, Rep.","2015",98.59319305,97.70791
"Korea, Rep.","2016",98.71795654,98.14563
"Korea, Rep.","2017",99.10558319,98.00711
"Kuwait","2006",101.0053101,88.71929
"Kuwait","2007",101.2951126,88.97308
"Kuwait","2008",99.5422821,87.51241
"Kuwait","2009",99.44100952,84.58073
"Kuwait","2010",99.44307709,87.37731
"Kuwait","2011",98.12922668,86.35335
"Kuwait","2012",95.39784241,86.53257
"Kuwait","2013",92.57273865,85.04221
"Kuwait","2014",90.03491974,83.835
"Kuwait","2015",95.25441742,86.52941
"Kyrgyz Republic","2004",83.22273254,82.2807
"Kyrgyz Republic","2005",82.23358917,80.63642
"Kyrgyz Republic","2006",82.81005096,80.60553
"Kyrgyz Republic","2007",82.94035339,80.37718
"Kyrgyz Republic","2014",89.78299713,80.23971
"Kyrgyz Republic","2015",90.06700134,80.51887
"Kyrgyz Republic","2016",92.54299927,82.18479
"Kyrgyz Republic","2017",91.95200348,83.16127
"Kyrgyz Republic","2018",92.43287659,84.38733
"Lao PDR","2004",43.13808823,34.94459
"Lao PDR","2005",43.82064056,35.19979
"Lao PDR","2006",43.66223145,34.41882
"Lao PDR","2007",44.58583069,35.52986
"Lao PDR","2008",45.81684875,36.52896
"Lao PDR","2009",47.42805099,38.11272
"Lao PDR","2010",48.92502975,39.96589
"Lao PDR","2011",47.47299957,40.66093
"Lao PDR","2012",49.89514923,43.58459
"Lao PDR","2013",53.24499893,47.07239
"Lao PDR","2014",58.36246109,52.32234
"Lao PDR","2015",62.41899872,55.82319
"Lao PDR","2016",64.87999725,58.73341
"Lao PDR","2017",66.125,60.13026
"Lao PDR","2018",66.19400024,60.0122
"Latvia","2008",104.8975677,91.06387
"Latvia","2009",99.42040253,89.64194
"Latvia","2010",102.8221588,90.3935
"Latvia","2011",105.5657883,91.40143
"Latvia","2012",106.3448029,90.9881
"Latvia","2013",114.7768097,93.35256
"Latvia","2014",113.7069321,92.92582
"Latvia","2015",112.3566513,92.86996
"Latvia","2016",111.2968063,93.58713
"Latvia","2017",110.7232513,93.79965
"Lesotho","2004",35.56871033,23.20564
"Lesotho","2005",37.70835114,25.0859
"Lesotho","2006",38.85913849,25.8478
"Lesotho","2007",41.72565842,27.23189
"Lesotho","2008",44.70035934,29.59115
"Lesotho","2009",48.74111938,32.39088
"Lesotho","2010",53.42802811,36.12128
"Lesotho","2011",55.93793869,38.96832
"Lesotho","2012",57.92052078,40.16248
"Lesotho","2013",56.52838898,40.63024
"Lesotho","2014",57.10818863,40.64296
"Lesotho","2015",58.58946991,41.85947
"Lesotho","2016",56.66962051,41.35206
"Liberia","2014",37.14178085,16.961
"Liberia","2015",36.62308121,15.69147
"Liechtenstein","2004",110.7614212,91.9797
"Liechtenstein","2008",107.5661163,90.65952
"Liechtenstein","2009",105.7556381,91.82644
"Liechtenstein","2010",108.8792801,91.15397
"Liechtenstein","2011",111.4565735,92.36228
"Liechtenstein","2012",110.3738632,92.11856
"Liechtenstein","2014",115.5578308,91.53872
"Liechtenstein","2015",116.1234436,91.53953
"Liechtenstein","2016",116.0283737,91.20567
"Liechtenstein","2017",117.0943298,85.94145
"Lithuania","2004",103.0095367,97.50945
"Lithuania","2005",104.4972382,98.60829
"Lithuania","2006",107.0048523,99.64591
"Lithuania","2007",106.9292908,99.30088
"Lithuania","2008",106.1087799,98.24224
"Lithuania","2009",104.7558823,97.24047
"Lithuania","2010",105.0682678,96.98128
"Lithuania","2011",106.0081635,97.30754
"Lithuania","2012",106.1735077,97.04006
"Lithuania","2013",108.9944077,97.46028
"Lithuania","2014",108.1847763,97.59719
"Lithuania","2015",107.6729279,97.50248
"Lithuania","2016",107.4297714,97.52441
"Lithuania","2017",108.4017563,98.42562
"Luxembourg","2004",94.19193268,79.72127
"Luxembourg","2005",93.79012299,82.97076
"Luxembourg","2006",94.22083282,83.49789
"Luxembourg","2007",94.90796661,84.14165
"Luxembourg","2008",95.75830078,84.99195
"Luxembourg","2010",100.0800018,86.77192
"Luxembourg","2011",100.4209671,86.47169
"Luxembourg","2012",100.60952,85.92268
"Luxembourg","2013",103.4694138,85.70984
"Luxembourg","2014",104.5969772,84.97239
"Luxembourg","2015",104.3791885,84.43463
"Luxembourg","2016",106.0851974,84.63978
"Luxembourg","2017",106.7843475,83.58238
"Macao SAR, China","2004",92.50552368,69.70536
"Macao SAR, China","2005",92.03614807,69.30647
"Macao SAR, China","2006",92.98312378,68.8992
"Macao SAR, China","2007",94.03018951,68.66616
"Macao SAR, China","2008",89.81719208,68.43152
"Macao SAR, China","2009",89.30671692,69.90853
"Macao SAR, China","2010",91.16104126,72.4191
"Macao SAR, China","2011",94.93012238,74.75342
"Macao SAR, China","2012",97.42835236,75.05218
"Macao SAR, China","2013",98.6075592,75.33974
"Macao SAR, China","2014",101.758728,76.03664
"Macao SAR, China","2015",100.9664383,77.74461
"Macao SAR, China","2016",99.46366882,81.70815
"Macao SAR, China","2017",97.42198944,84.38217
"Macao SAR, China","2018",92.71080017,86.42111
"Madagascar","2005",20.44415092,17.29953
"Madagascar","2007",25.44701004,21.80847
"Madagascar","2008",27.83389091,23.29579
"Madagascar","2009",29.11442947,24.93753
"Madagascar","2011",35.27061081,29.93668
"Madagascar","2012",36.81658936,30.99363
"Madagascar","2014",37.55649948,31.01487
"Madagascar","2015",37.90689087,30.28786
"Madagascar","2016",37.81742859,30.14792
"Madagascar","2017",36.42467117,29.12022
"Madagascar","2018",35.97891998,29.84739
"Malawi","2004",30.02753067,24.15185
"Malawi","2005",29.92723083,23.44309
"Malawi","2006",31.86813927,24.89945
"Malawi","2007",31.57206917,25.15857
"Malawi","2008",34.05368042,27.30239
"Malawi","2009",34.64263153,27.73351
"Malawi","2010",34.83784866,29.12365
"Malawi","2011",35.82703018,30.06088
"Malawi","2012",35.72917175,30.4559
"Malawi","2013",38.59088135,32.74037
"Malawi","2014",40.07743073,33.54261
"Malawi","2015",40.23437119,34.24597
"Malawi","2016",38.20877838,32.95718
"Malawi","2018",38.45679092,34.23885
"Malaysia","2004",82.97309875,80.88979
"Malaysia","2005",77.78909302,76.92736
"Malaysia","2006",76.83641815,78.44768
"Malaysia","2007",74.91404724,74.47215
"Malaysia","2008",75.16812134,74.09303
"Malaysia","2009",75.12207794,74.00103
"Malaysia","2010",77.23565674,74.33845
"Malaysia","2011",77.89829254,74.16752
"Malaysia","2012",82.11509705,75.75679
"Malaysia","2013",82.51258087,76.2547
"Malaysia","2014",85.65679932,74.65151
"Malaysia","2016",83.69664001,73.40114
"Malaysia","2017",83.71385193,74.39817
"Malaysia","2018",79.6654892,72.21113
"Mali","2008",31.96966934,27.69524
"Mali","2009",35.04695129,28.78149
"Mali","2010",37.79533005,30.67392
"Mali","2011",39.90085983,31.98852
"Mali","2013",40.46609879,33.11983
"Mali","2014",42.47497177,35.01947
"Mali","2015",40.11573029,31.36945
"Mali","2016",41.21068954,32.53744
"Mali","2017",39.57368851,29.34611
"Mali","2018",38.92816162,29.92706
"Malta","2004",104.4188614,87.59445
"Malta","2005",101.8063278,87.58097
"Malta","2006",97.52716064,85.29509
"Malta","2008",101.4230499,80.24937
"Malta","2010",105.1138535,83.80971
"Malta","2012",95.51699829,88.90797
"Malta","2013",96.26006317,87.85101
"Malta","2014",96.23097992,88.22941
"Malta","2015",95.15711975,88.88531
"Malta","2016",94.97657013,89.55552
"Malta","2017",103.1384125,92.96077
"Marshall Islands","2007",72.84938812,49.12115
"Marshall Islands","2015",88.45281219,55.84084
"Marshall Islands","2016",93.14141083,55.85237
"Mauritania","2004",21.60317039,13.08816
"Mauritania","2005",21.91987038,14.25672
"Mauritania","2006",22.57155037,14.52714
"Mauritania","2012",27.07708931,22.44263
"Mauritania","2013",30.14543915,22.0598
"Mauritania","2014",30.5732193,23.70334
"Mauritania","2015",31.06388092,24.98002
"Mauritania","2016",32.04801178,27.46113
"Mauritania","2017",31.62400055,28.18691
"Mauritania","2018",35.39036942,30.97658
"Mauritius","2004",83.92062378,79.38137
"Mauritius","2015",94.61740875,85.34866
"Mauritius","2016",95.11923218,84.30625
"Mauritius","2017",93.54232025,84.54626
"Mauritius","2018",93.41706848,84.30832
"Mexico","2004",79.78270721,65.15369
"Mexico","2005",80.63053894,66.67768
"Mexico","2006",82.70139313,67.83849
"Mexico","2007",84.08870697,68.93457
"Mexico","2008",86.0763092,69.60395
"Mexico","2009",85.94232178,69.68225
"Mexico","2010",87.27292633,70.08479
"Mexico","2011",88.38008881,70.65515
"Mexico","2012",90.69361877,71.82661
"Mexico","2013",93.26230621,75.56968
"Mexico","2014",97.31968689,77.66257
"Mexico","2015",100.9822693,80.02575
"Mexico","2016",102.8713684,81.22278
"Mexico","2017",105.1101837,81.15596
"Moldova","2004",86.88433838,81.07953
"Moldova","2005",88.06252289,81.78983
"Moldova","2006",89.32212067,81.34888
"Moldova","2007",88.5539093,80.55401
"Moldova","2008",88.23475647,83.49852
"Moldova","2009",88.59664154,79.55915
"Moldova","2010",87.98113251,78.62414
"Moldova","2011",87.71936798,77.74841
"Moldova","2012",88.19586945,77.909
"Moldova","2013",88.33605194,77.19155
"Moldova","2014",104.3825989,76.86421
"Moldova","2015",105.0697098,76.40056
"Moldova","2016",106.0471497,76.59364
"Moldova","2017",94.3536377,77.85475
"Moldova","2018",95.90371704,77.95594
"Mongolia","2004",88.25440216,80.71236
"Mongolia","2005",91.66687012,82.74727
"Mongolia","2006",91.78781128,81.88655
"Montenegro","2016",90.07124329,90.05336
"Montenegro","2017",90.41584015,89.33592
"Montenegro","2018",91.27320099,89.07485
"Morocco","2005",49.37417984,40.1431
"Morocco","2006",52.46376038,42.48918
"Morocco","2007",55.59571075,45.26555
"Morocco","2008",57.88782883,47.38257
"Morocco","2010",63.26745987,51.01615
"Morocco","2011",66.25949097,53.84359
"Morocco","2012",68.98326111,56.69899
"Morocco","2017",78.53610229,63.46699
"Morocco","2018",79.01625824,64.4924
"Mozambique","2004",11.06550026,4.13627
"Mozambique","2005",13.53215981,7.07607
"Mozambique","2006",15.85626984,8.96287
"Mozambique","2007",18.61720085,10.58298
"Mozambique","2008",20.89827919,12.21686
"Mozambique","2009",23.74651909,14.57866
"Mozambique","2010",25.8841095,15.97046
"Mozambique","2011",26.67284966,17.0661
"Mozambique","2012",26.18494987,17.45519
"Mozambique","2013",35.03828049,19.89826
"Mozambique","2014",34.389431,20.22234
"Mozambique","2015",34.76219177,19.27829
"Myanmar","2004",44.5008316,40.44941
"Myanmar","2005",45.25139999,41.00243
"Myanmar","2006",47.21107864,43.17034
"Myanmar","2007",47.15761185,43.45929
"Myanmar","2008",49.85440063,45.29753
"Myanmar","2009",49.92021942,44.79402
"Myanmar","2010",50.89165115,45.05213
"Myanmar","2014",56.90052032,48.71663
"Myanmar","2016",67.00341034,56.31635
"Myanmar","2017",71.26007843,59.62371
"Myanmar","2018",75.64698029,64.05857
"Namibia","2004",64.72855377,48.01554
"Namibia","2005",63.4721489,49.94275
"Namibia","2006",62.47195816,50.48431
"Namibia","2007",63.02832031,52.04122
"Nauru","2012",79.41175842,72.50608
"Nauru","2014",81.84712982,73.66255
"Nauru","2016",77.01863098,71.80984
"Nepal","2007",42.5672493,44.2879
"Nepal","2008",48.64606094,47.41153
"Nepal","2016",71.81790161,55.37494
"Nepal","2017",76.09600067,57.51369
"Nepal","2019",79.31681824,61.87253
"Netherlands","2004",116.9095306,88.73562
"Netherlands","2005",117.5538101,86.907
"Netherlands","2006",118.4276199,88.55384
"Netherlands","2007",119.8423386,88.54171
"Netherlands","2008",121.5116272,88.17683
"Netherlands","2009",122.7460098,87.63294
"Netherlands","2010",124.5695267,87.8786
"Netherlands","2011",129.868103,89.02126
"Netherlands","2012",111.4482498,89.579
"Netherlands","2015",114.1379166,92.54597
"Netherlands","2016",112.994278,93.17266
"Netherlands","2017",115.2252274,93.16439
"New Zealand","2013",115.650528,94.64403
"New Zealand","2014",116.0843124,94.71184
"New Zealand","2015",114.8899918,95.32172
"New Zealand","2016",113.687912,96.10406
"New Zealand","2017",112.9433136,96.86035
"Nicaragua","2004",64.15834808,41.63398
"Nicaragua","2005",66.98697662,43.93625
"Nicaragua","2006",66.502388,45.4727
"Nicaragua","2010",67.93090057,48.4211
"Niger","2004",8.241149902,7.51201
"Niger","2005",9.159850121,8.52719
"Niger","2007",10.20833969,8.86268
"Niger","2008",10.56898975,9.46457
"Niger","2009",11.1008997,9.59377
"Niger","2010",12.68832016,10.86772
"Niger","2011",13.54267979,11.53509
"Niger","2014",18.89018059,15.15304
"Niger","2015",20.8979702,16.63379
"Niger","2017",25.3490696,20.06691
"North Macedonia","2005",82.33399963,78.93037
"Norway","2004",114.0473328,96.11468
"Norway","2005",111.5627518,96.75623
"Norway","2006",111.5276413,97.16459
"Norway","2007",111.6399231,97.46832
"Norway","2008",111.5180588,96.67695
"Norway","2009",111.0684128,95.73719
"Norway","2010",112.978569,95.29992
"Norway","2011",113.1698837,94.86901
"Norway","2012",112.1765366,94.47334
"Norway","2013",114.5153809,95.00651
"Norway","2014",113.4798889,95.34711
"Norway","2015",115.2020416,95.4637
"Norway","2016",116.6455078,95.6976
"Norway","2017",117.3014603,95.60786
"Oman","2009",98.98513031,89.281
"Oman","2011",114.451622,89.67208
"Oman","2012",110.750351,88.88807
"Oman","2013",109.4038696,90.58011
"Oman","2015",102.1727295,93.48381
"Oman","2016",102.6090927,95.46011
"Oman","2017",101.8067474,94.0779
"Oman","2018",104.0584869,96.19256
"Pakistan","2006",27.56967926,30.50841
"Pakistan","2007",29.47756958,32.58288
"Pakistan","2008",29.68955994,32.64259
"Pakistan","2009",29.59071922,32.51055
"Pakistan","2011",30.35767937,33.37407
"Pakistan","2012",31.2602005,34.47115
"Pakistan","2013",32.11650848,35.5661
"Pakistan","2015",35.17425156,34.59878
"Pakistan","2016",36.35337067,35.80793
"Pakistan","2017",35.85268021,35.42111
"Pakistan","2018",37.74951172,37.40039
"Panama","2004",67.40612793,61.62455
"Panama","2005",67.63453674,61.79277
"Panama","2008",69.20005798,63.30201
"Panama","2009",70.83181,63.42638
"Panama","2010",72.45452881,66.11851
"Panama","2011",72.25157166,65.56966
"Panama","2013",76.8787384,70.40156
"Panama","2014",76.47853851,69.04856
"Panama","2015",77.00920105,69.72867
"Panama","2017",76.9188385,63.79138
"Paraguay","2004",69.14933014,56.20782
"Paraguay","2005",69.09065247,57.02914
"Paraguay","2006",68.778862,57.42306
"Paraguay","2007",69.00337982,58.11186
"Paraguay","2008",70.41034698,59.36683
"Paraguay","2009",71.36509705,59.90882
"Paraguay","2010",73.04197693,60.94171
"Paraguay","2011",75.62741089,62.70972
"Paraguay","2012",82.53314209,65.88458
"Peru","2004",81.72328949,66.03303
"Peru","2005",82.77533722,67.21536
"Peru","2006",85.70758057,69.37305
"Peru","2007",88.65081787,72.88175
"Peru","2008",89.8375473,74.67779
"Peru","2009",93.4648819,77.71898
"Peru","2010",95.7563324,77.70725
"Peru","2011",97.11258698,78.92787
"Peru","2012",95.98838043,75.31964
"Peru","2013",101.042099,79.99309
"Peru","2014",99.29489899,79.52639
"Peru","2015",99.5942688,79.18143
"Peru","2016",101.3446808,82.80666
"Peru","2017",100.2095718,85.58522
"Peru","2018",98.60951996,89.30975
"Philippines","2004",84.03117371,59.28866
"Philippines","2005",82.60022736,58.87591
"Philippines","2006",80.37509155,59.04377
"Philippines","2007",79.6534729,59.8099
"Philippines","2008",80.57444,60.34316
"Philippines","2009",83.88935852,61.04577
"Philippines","2014",86.13500214,66.35664
"Philippines","2015",86.64099884,65.55881
"Poland","2004",98.4879837,90.80341
"Poland","2005",101.0859528,92.97257
"Poland","2006",100.5975571,92.73418
"Poland","2007",100.348259,92.17529
"Poland","2008",99.95082092,91.26481
"Poland","2009",99.64875793,90.26224
"Poland","2010",100.2077789,89.64078
"Poland","2011",100.6178513,89.01451
"Poland","2012",100.5648575,89.14576
"Poland","2013",111.5169601,90.92449
"Poland","2014",110.0310211,91.52153
"Poland","2015",109.4147873,92.66846
"Poland","2016",109.1172485,93.44554
"Poland","2017",109.4592209,94.08406
"Portugal","2005",96.43460083,82.05246
"Portugal","2006",95.6554184,82.64076
"Portugal","2013",119.1660614,92.51532
"Portugal","2014",114.9806976,92.78381
"Portugal","2015",116.8717422,93.58598
"Portugal","2016",115.6400909,93.94509
"Portugal","2017",117.4266281,94.66479
"Puerto Rico","2011",83.27487946,76.26653
"Puerto Rico","2012",85.03896332,77.38289
"Puerto Rico","2013",87.83421326,79.94335
"Puerto Rico","2014",90.38800812,81.4782
"Puerto Rico","2015",99.72260284,81.32599
"Puerto Rico","2016",89.11045074,75.91911
"Qatar","2004",90.05525208,91.83049
"Qatar","2005",90.05448151,90.04446
"Qatar","2006",91.35224915,84.17814
"Qatar","2010",98.150177,93.8946
"Romania","2014",93.53421783,85.2863
"Romania","2015",91.26719666,84.54438
"Romania","2016",88.7795105,82.76527
"Romania","2017",88.38432312,82.84805
"Russian Federation","2013",96.73623657,91.69424
"Russian Federation","2014",96.66642761,93.07093
"Russian Federation","2017",100.6763916,90.67886
"Rwanda","2015",37.44496918,28.1042
"Rwanda","2016",36.58237839,28.13633
"Rwanda","2018",39.12203979,35.87144
"Samoa","2009",78.83738708,79.78155
"Samoa","2010",80.73161316,80.53411
"Samoa","2011",79.94013977,81.10508
"Samoa","2012",80.25113678,82.18894
"Samoa","2014",84.45742035,85.97104
"Samoa","2015",84.08760071,85.50756
"Samoa","2016",84.45224762,85.51776
"San Marino","2018",60.24052048,66.54351
"Sao Tome and Principe","2004",39.6485405,25.34772
"Sao Tome and Principe","2005",42.99377823,30.8018
"Sao Tome and Principe","2007",46.47211075,32.13773
"Sao Tome and Principe","2008",43.5881691,31.39787
"Sao Tome and Principe","2009",49.14107132,32.56531
"Sao Tome and Principe","2010",50.17391968,34.9313
"Sao Tome and Principe","2011",48.71689987,46.62194
"Sao Tome and Principe","2013",63.20536041,53.83322
"Sao Tome and Principe","2014",74.20478058,62.8682
"Sao Tome and Principe","2015",82.37638092,65.23344
"Saudi Arabia","2009",92.77275848,73.54999
"Saudi Arabia","2016",105.0498962,89.72179
"Saudi Arabia","2017",105.574379,90.55695
"Saudi Arabia","2018",105.8828583,96.36052
"Senegal","2004",20.29953957,14.99612
"Senegal","2005",22.50610924,19.81839
"Senegal","2006",24.39258957,20.83433
"Serbia","2008",91.31546783,89.58781
"Serbia","2009",92.45291138,90.24074
"Serbia","2010",92.60803223,90.16584
"Serbia","2011",94.68966675,92.48608
"Serbia","2012",94.9734726,92.86209
"Serbia","2013",95.12161255,93.02904
"Serbia","2014",95.00730896,92.20523
"Serbia","2015",97.15955353,93.78182
"Serbia","2016",96.49948883,93.11418
"Serbia","2017",95.6576767,92.45639
"Serbia","2018",95.25666046,92.06535
"Seychelles","2004",76.46945953,74.78367
"Seychelles","2005",81.36485291,81.58629
"Seychelles","2007",76.26065826,79.14181
"Seychelles","2008",72.69802856,76.43478
"Seychelles","2009",71.07174683,76.27449
"Seychelles","2010",69.27098083,74.66878
"Seychelles","2013",71.02848816,73.85355
"Seychelles","2014",72.86472321,74.57848
"Seychelles","2015",75.85923767,78.19143
"Seychelles","2016",78.25215912,80.64695
"Seychelles","2017",77.60092926,79.64231
"Seychelles","2018",77.35946655,80.06115
"Sierra Leone","2013",37.96427155,33.40844
"Sierra Leone","2015",38.51055908,32.50901
"Sierra Leone","2017",40.0794487,38.33144
"Sierra Leone","2018",41.57165146,41.76675
"Singapore","2016",107.8590088,99.53179
"Singapore","2017",107.5746002,99.78462
"Slovak Republic","2004",93.79518127,88.28267
"Slovak Republic","2005",95.3483963,87.84709
"Slovak Republic","2006",95.53829956,87.07428
"Slovak Republic","2007",95.32893372,86.58337
"Slovak Republic","2008",94.75462341,85.9498
"Slovak Republic","2009",94.39501953,85.70593
"Slovak Republic","2010",94.77934265,85.63455
"Slovak Republic","2011",94.99941254,85.48102
"Slovak Republic","2012",95.049263,85.32587
"Slovak Republic","2013",93.52967072,84.20808
"Slovak Republic","2014",92.75710297,84.22573
"Slovak Republic","2015",91.89572906,84.75642
"Slovak Republic","2016",91.45343781,85.03241
"Slovak Republic","2017",91.25359344,84.75751
"Slovenia","2004",98.89685822,92.23803
"Slovenia","2005",98.43148804,92.02712
"Slovenia","2006",97.23245239,91.66008
"Slovenia","2007",99.23648834,93.14014
"Slovenia","2008",99.93359375,93.05556
"Slovenia","2009",98.96755981,93.45478
"Slovenia","2010",98.53781891,94.02173
"Slovenia","2011",98.47821808,94.12994
"Slovenia","2012",98.11373138,94.0584
"Slovenia","2013",110.5589294,95.17996
"Slovenia","2014",110.1827469,94.78695
"Slovenia","2015",109.65522,96.42797
"Slovenia","2016",115.2169418,95.46
"Slovenia","2017",114.5955963,95.68577
"Solomon Islands","2006",34.89173126,34.28613
"Solomon Islands","2007",35.49425888,30.99458
"South Africa","2004",77.42974854,65.07833
"South Africa","2005",78.04675293,66.15872
"South Africa","2015",110.1689301,90.54401
"South Africa","2017",111.6274033,71.92661
"South Sudan","2011",10.54831028,5.0784
"South Sudan","2015",11.23095036,5.48403
"Spain","2004",115.0845032,92.41558
"Spain","2005",117.5709305,93.27141
"Spain","2006",117.2736664,92.8639
"Spain","2007",117.4886932,92.07332
"Spain","2008",117.2105865,91.50683
"Spain","2009",117.3571167,91.07021
"Spain","2010",122.6225128,90.86856
"Spain","2011",126.1527863,89.39714
"Spain","2012",127.7867126,89.80611
"Spain","2013",126.7162704,90.5337
"Spain","2014",125.3358002,91.42704
"Spain","2015",124.85466,92.77119
"Spain","2016",123.2698898,94.94198
"Spain","2017",120.5559235,96.87779
"Sri Lanka","2010",93.78386688,84.03138
"Sri Lanka","2011",95.26721954,85.2998
"Sri Lanka","2017",94.26805878,89.04229
"Sri Lanka","2018",96.13188171,91.03783
"St. Kitts and Nevis","2004",86.02600861,85.74149
"St. Kitts and Nevis","2005",89.17817688,87.2079
"St. Kitts and Nevis","2007",109.2270508,90.39366
"St. Kitts and Nevis","2008",108.9737167,97.39046
"St. Kitts and Nevis","2009",107.3403702,95.77059
"St. Kitts and Nevis","2010",108.3752518,96.25154
"St. Kitts and Nevis","2011",107.3176804,95.24622
"St. Kitts and Nevis","2012",90.57952881,79.1808
"St. Kitts and Nevis","2013",119.1150894,97.78965
"St. Kitts and Nevis","2014",110.9982224,97.13024
"St. Kitts and Nevis","2015",113.4822617,98.37622
"St. Kitts and Nevis","2016",114.634819,98.00256
"St. Lucia","2004",77.95400238,62.68135
"St. Lucia","2005",82.53111267,68.03964
"St. Lucia","2006",87.12805176,68.6966
"St. Lucia","2007",91.36205292,76.97758
"St. Lucia","2008",96.22062683,79.70525
"St. Lucia","2009",97.75395966,82.4496
"St. Lucia","2010",97.63487244,82.5328
"St. Lucia","2011",97.11299133,81.23662
"St. Lucia","2012",93.8899231,80.93965
"St. Lucia","2013",92.0371933,80.11243
"St. Lucia","2015",91.54831696,80.79577
"St. Lucia","2016",90.21392059,78.60232
"St. Lucia","2017",89.36434937,80.81903
"St. Lucia","2018",89.19818115,81.31252
"St. Vincent and the Grenadines","2004",92.73992157,75.54589
"St. Vincent and the Grenadines","2005",87.27467346,72.81704
"St. Vincent and the Grenadines","2008",104.7606201,91.41352
"St. Vincent and the Grenadines","2009",107.6328888,89.847
"St. Vincent and the Grenadines","2010",108.4781189,85.59002
"St. Vincent and the Grenadines","2013",111.1419983,85.54762
"St. Vincent and the Grenadines","2014",114.7708435,87.38822
"St. Vincent and the Grenadines","2015",118.1076965,84.82507
"Sudan","2011",38.52983856,31.4995
"Suriname","2009",69.8742218,45.70265
"Suriname","2010",73.30809784,50.82254
"Suriname","2011",71.1243515,50.99553
"Suriname","2012",71.47895813,51.9546
"Suriname","2013",71.78536987,54.05382
"Suriname","2014",70.12050629,55.31381
"Suriname","2015",73.01000977,57.78983
"Sweden","2004",101.4254913,98.71966
"Sweden","2005",101.4821625,99.83487
"Sweden","2006",101.2040863,99.55568
"Sweden","2007",100.9987106,98.45967
"Sweden","2008",101.5210876,97.11186
"Sweden","2009",101.4343109,95.06724
"Sweden","2010",102.2510605,93.07121
"Sweden","2011",102.1403732,91.5596
"Sweden","2012",103.1068726,92.53922
"Sweden","2013",132.713501,94.47021
"Sweden","2014",133.6602478,96.67425
"Sweden","2015",137.4629669,99.64163
"Sweden","2016",137.5611572,99.06336
"Switzerland","2004",93.22286987,83.98112
"Switzerland","2005",93.80995941,84.72205
"Switzerland","2006",94.16947937,85.22291
"Switzerland","2007",95.07161713,84.85637
"Switzerland","2008",95.51357269,84.53242
"Switzerland","2009",95.84783173,83.63971
"Switzerland","2010",96.6068573,83.68751
"Switzerland","2011",97.19515991,83.20701
"Switzerland","2012",98.3727417,81.17079
"Switzerland","2013",101.2213821,83.55855
"Switzerland","2015",103.9133911,85.13441
"Switzerland","2016",104.0951309,85.82816
"Switzerland","2017",103.9000626,85.32946
"Syrian Arab Republic","2004",65.78559113,60.93327
"Syrian Arab Republic","2005",69.18038177,64.02818
"Syrian Arab Republic","2006",70.66531372,63.8259
"Syrian Arab Republic","2007",71.29255676,65.38093
"Syrian Arab Republic","2008",71.66149139,65.9656
"Syrian Arab Republic","2009",72.87686157,66.07245
"Syrian Arab Republic","2010",73.86911774,66.79607
"Syrian Arab Republic","2011",75.23529053,68.82457
"Syrian Arab Republic","2012",75.73069763,72.30405
"Syrian Arab Republic","2013",48.96353149,48.50187
"Tajikistan","2004",79.43190002,78.10509
"Tajikistan","2005",80.22646332,78.1815
"Tajikistan","2006",81.20197296,78.81148
"Tajikistan","2007",82.05793762,80.24331
"Tajikistan","2008",83.09169006,81.59779
"Tajikistan","2009",84.09427643,81.79476
"Tajikistan","2010",85.00411987,82.50797
"Tajikistan","2011",86.24584961,83.21746
"Tanzania","2016",26.38562965,23.93899
"Tanzania","2017",26.82329941,24.55251
"Tanzania","2018",28.70594978,26.54777
"Thailand","2006",79.98597717,69.59192
"Thailand","2007",83.73944855,73.2857
"Thailand","2008",81.73905945,75.39528
"Thailand","2009",81.93778992,77.17242
"Thailand","2010",82.55030823,77.10383
"Thailand","2011",85.12019348,79.4745
"Thailand","2012",85.03782654,76.52904
"Thailand","2014",126.687561,78.79973
"Thailand","2015",130.9334717,77.27069
"Timor-Leste","2008",54.52421951,34.4879
"Timor-Leste","2009",65.47463226,39.44789
"Timor-Leste","2010",67.89099884,40.50575
"Timor-Leste","2011",70.25099945,43.67477
"Timor-Leste","2012",70.10399628,45.19743
"Timor-Leste","2013",67.89099884,45.28738
"Timor-Leste","2014",69.44000244,48.53262
"Timor-Leste","2015",73.05799866,52.64272
"Timor-Leste","2016",77.54699707,57.17904
"Timor-Leste","2017",81.14800262,60.61502
"Timor-Leste","2018",83.10199738,62.73563
"Togo","2017",61.23852158,41.01339
"Tonga","2012",88.84081268,86.01662
"Tonga","2013",89.554039,80.76551
"Tonga","2014",91.12004089,80.76477
"Tonga","2015",97.39259338,82.07469
"Trinidad and Tobago","2004",84.27310944,72.64738
"Turkiye","2004",88.31369019,74.05944
"Turkiye","2005",84.94371796,76.35578
"Turkiye","2006",88.55278778,78.89809
"Turkiye","2007",90.73445129,80.55242
"Turkiye","2008",89.05696869,79.85273
"Turkiye","2009",80.19074249,76.51685
"Turkiye","2010",84.20240021,80.94061
"Turkiye","2011",87.80322266,84.20113
"Turkiye","2012",85.02043152,81.2314
"Turkiye","2013",102.2097015,86.87212
"Turkiye","2014",105.975502,87.44485
"Turkiye","2015",107.243187,86.64416
"Turkiye","2016",108.5475616,85.28003
"Turkiye","2017",112.9773331,87.22819
"Tuvalu","2014",80.76663971,68.02097
"Tuvalu","2015",88.835289,69.73008
"Tuvalu","2016",79.3079071,58.50727
"Tuvalu","2018",80.42835999,66.72794
"Uganda","2004",19.02210999,15.71306
"Uganda","2007",23.86605072,19.94433
"Ukraine","2004",98.83901978,90.22745
"Ukraine","2005",95.11811066,85.67247
"Ukraine","2006",97.16278839,86.92265
"Ukraine","2007",97.69142914,86.76809
"Ukraine","2008",97.74034882,86.4859
"Ukraine","2009",97.37787628,85.75843
"Ukraine","2010",98.14167786,85.99148
"Ukraine","2011",96.11717987,84.20284
"Ukraine","2012",99.47754669,84.48572
"Ukraine","2013",99.43038177,85.02414
"Ukraine","2014",98.29631805,85.67634
"United Arab Emirates","2016",81.50978851,87.06773
"United Arab Emirates","2017",105.1973572,92.79992
"United Kingdom","2004",104.9430237,95.02938
"United Kingdom","2005",105.7054901,95.55691
"United Kingdom","2006",98.46476746,92.34619
"United Kingdom","2007",97.77783966,91.17435
"United Kingdom","2008",98.81494904,92.61934
"United Kingdom","2009",100.6290894,94.46231
"United Kingdom","2010",103.4549866,96.16818
"United Kingdom","2011",94.15912628,92.958
"United Kingdom","2012",92.3830719,90.8005
"United Kingdom","2013",125.6011887,93.84317
"United Kingdom","2014",128.2863312,97.18701
"United Kingdom","2015",125.7025909,98.13521
"United Kingdom","2017",125.6721497,97.13247
"United States","2005",95.0524826,89.34377
"United States","2013",96.18649292,89.46575
"United States","2014",96.92453766,89.86874
"United States","2015",97.65254974,91.27156
"United States","2016",98.76992798,92.18317
"United States","2017",98.95233917,92.45022
"Uruguay","2007",92.91506195,67.65482
"Uruguay","2008",88.04734039,69.47614
"Uruguay","2009",89.2928772,71.36421
"Uruguay","2011",101.5601807,73.45892
"Uruguay","2012",102.9772263,74.70228
"Uruguay","2014",106.469368,76.6716
"Uruguay","2015",108.0432968,81.60692
"Uruguay","2016",112.0325775,83.27916
"Uruguay","2017",116.472847,88.21273
"Uzbekistan","2010",90.61721039,85.91028
"Uzbekistan","2011",91.42785645,86.60566
"Uzbekistan","2012",93.26399994,88.29952
"Uzbekistan","2013",92.72799683,88.51988
"Uzbekistan","2014",92.54399872,88.07015
"Uzbekistan","2015",92.27300262,88.74141
"Uzbekistan","2016",92.80799866,89.80656
"Uzbekistan","2017",93.58899689,90.85635
"Vanuatu","2004",39.97169113,40.60926
"Vanuatu","2010",53.74940109,51.60029
"Vanuatu","2015",53.39009094,48.94452
"Venezuela, RB","2004",71.54325867,61.33545
"Venezuela, RB","2005",73.87319183,63.14279
"Venezuela, RB","2006",76.39743042,66.58989
"Venezuela, RB","2007",78.76368713,68.83938
"Venezuela, RB","2008",80.46743011,69.97967
"Venezuela, RB","2009",81.38887787,71.68989
"Venezuela, RB","2010",81.32969666,71.94629
"Venezuela, RB","2011",82.26780701,73.03338
"Venezuela, RB","2012",84.33918762,74.79369
"Venezuela, RB","2013",91.78038025,75.07477
"Venezuela, RB","2014",91.08722687,75.72595
"Venezuela, RB","2015",89.09152222,74.55316
"Venezuela, RB","2016",85.39602661,73.3043
"Venezuela, RB","2017",84.10520172,73.24477
"West Bank and Gaza","2004",87.37142944,84.53299
"West Bank and Gaza","2005",88.82333374,85.61943
"West Bank and Gaza","2006",90.4896698,86.68269
"West Bank and Gaza","2007",90.70397949,86.4551
"West Bank and Gaza","2008",89.94700623,86.2914
"West Bank and Gaza","2009",89.79991913,85.04096
"West Bank and Gaza","2010",88.76126099,83.27484
"West Bank and Gaza","2011",87.62168121,81.3884
"West Bank and Gaza","2012",87.0877533,81.75054
"West Bank and Gaza","2013",86.59220123,81.78292
"West Bank and Gaza","2014",86.31539917,82.22385
"West Bank and Gaza","2015",86.92709351,83.72251
"West Bank and Gaza","2016",87.15688324,85.18335
"West Bank and Gaza","2017",88.22238922,87.20079
"West Bank and Gaza","2018",88.12106323,87.22641
"Yemen, Rep.","2010",40.93796921,39.72381
"Yemen, Rep.","2012",43.24794006,42.33233
"Yemen, Rep.","2013",45.31529999,43.7515
"Yemen, Rep.","2016",47.2419014,47.59088
"Zimbabwe","2012",52.51319122,47.8753
"Zimbabwe","2013",51.84957886,48.73362
"Arab World","2004",64.30448914,57.48235
"Arab World","2005",64.36190796,57.5619
"Arab World","2006",64.16181183,57.46168
"Arab World","2007",62.95183182,57.23471
"Arab World","2008",63.22819138,58.28565
"Arab World","2009",64.80130005,60.34947
"Arab World","2010",65.62851715,60.67437
"Arab World","2011",67.73570251,62.26881
"Arab World","2012",68.42298889,62.45941
"Arab World","2013",66.92449188,61.08331
"Arab World","2014",67.04992676,61.53884
"Arab World","2015",67.83014679,62.06563
"Arab World","2016",67.87610626,62.55911
"Arab World","2017",68.26947784,63.06303
"Arab World","2018",68.51789856,63.51428
"Caribbean small states","2004",83.84062958,75.81996
"Caribbean small states","2005",83.75737762,75.16683
"Caribbean small states","2006",84.95999908,75.11725
"Caribbean small states","2007",86.19167328,75.36628
"Caribbean small states","2008",87.145401,75.40196
"Caribbean small states","2009",88.28199005,75.13246
"Caribbean small states","2010",88.74337006,74.6868
"Caribbean small states","2011",89.97190094,74.97573
"Caribbean small states","2012",89.1140213,73.82884
"Caribbean small states","2013",87.82511139,73.13051
"Caribbean small states","2014",88.16002655,73.56486
"Caribbean small states","2015",87.45020294,72.70735
"Caribbean small states","2016",89.74649811,73.75093
"Caribbean small states","2017",88.71875,73.90341
"Caribbean small states","2018",87.97261047,74.27317
"Central Europe and the Baltics","2004",93.56072998,86.43209
"Central Europe and the Baltics","2005",94.53633118,87.42453
"Central Europe and the Baltics","2006",95.97583771,87.61808
"Central Europe and the Baltics","2007",95.59069824,88.0053
"Central Europe and the Baltics","2008",97.91977692,88.58306
"Central Europe and the Baltics","2009",99.63719177,88.54583
"Central Europe and the Baltics","2010",100.1918716,88.71338
"Central Europe and the Baltics","2011",100.4224701,88.62826
"Central Europe and the Baltics","2012",99.46951294,88.56838
"Central Europe and the Baltics","2013",104.6189194,89.68087
"Central Europe and the Baltics","2014",103.3981171,89.51156
"Central Europe and the Baltics","2015",102.0654678,89.81324
"Central Europe and the Baltics","2016",101.0078125,89.62629
"Central Europe and the Baltics","2017",100.8186798,89.76877
"Central Europe and the Baltics","2018",100.5539398,89.73885
"Early-demographic dividend","2004",55.05678177,49.63541
"Early-demographic dividend","2005",56.03248978,50.70762
"Early-demographic dividend","2006",57.25951004,52.05767
"Early-demographic dividend","2007",59.01419067,53.93973
"Early-demographic dividend","2008",60.41781998,55.10672
"Early-demographic dividend","2009",60.85174179,55.18157
"Early-demographic dividend","2010",63.02276993,56.88916
"Early-demographic dividend","2011",65.27253723,58.92174
"Early-demographic dividend","2012",67.08228302,60.30106
"Early-demographic dividend","2013",68.00814819,61.58025
"Early-demographic dividend","2014",70.83135986,62.1179
"Early-demographic dividend","2015",71.52191162,62.53617
"Early-demographic dividend","2016",72.54322815,62.77726
"Early-demographic dividend","2017",72.12735748,63.76386
"Early-demographic dividend","2018",73.18241119,64.08017
"East Asia & Pacific","2004",69.15794373,66.95903
"East Asia & Pacific","2005",71.2633667,67.772
"East Asia & Pacific","2006",73.7292099,68.8405
"East Asia & Pacific","2007",77.26750183,70.8343
"East Asia & Pacific","2008",79.88980103,70.83102
"East Asia & Pacific","2009",83.9984436,72.67283
"East Asia & Pacific","2010",85.80358887,74.56665
"East Asia & Pacific","2011",87.08100128,76.05022
"East Asia & Pacific","2012",87.69333649,75.38456
"East Asia & Pacific","2013",88.66735077,76.80045
"East Asia & Pacific","2014",88.09017181,79.21913
"East Asia & Pacific","2015",88.2431488,78.92814
"East Asia & Pacific","2016",87.44825745,79.01017
"East Asia & Pacific","2017",87.51921082,78.7363
"East Asia & Pacific","2018",87.89811707,78.90534
"East Asia & Pacific (excluding high income)","2004",66.55175018,66.26525
"East Asia & Pacific (excluding high income)","2005",68.75093842,67.06287
"East Asia & Pacific (excluding high income)","2006",71.33654785,68.14741
"East Asia & Pacific (excluding high income)","2007",75.04544067,70.20499
"East Asia & Pacific (excluding high income)","2008",77.79638672,70.16523
"East Asia & Pacific (excluding high income)","2009",82.09776306,72.04053
"East Asia & Pacific (excluding high income)","2010",84.01979828,74.03742
"East Asia & Pacific (excluding high income)","2011",85.37000275,75.58281
"East Asia & Pacific (excluding high income)","2012",85.96546936,74.77548
"East Asia & Pacific (excluding high income)","2013",87.02467346,76.30379
"East Asia & Pacific (excluding high income)","2014",86.37242889,78.85949
"East Asia & Pacific (excluding high income)","2015",86.52176666,78.55537
"East Asia & Pacific (excluding high income)","2016",85.75119019,78.6135
"East Asia & Pacific (excluding high income)","2017",85.85254669,78.30426
"East Asia & Pacific (excluding high income)","2018",86.4668808,78.46543
"East Asia & Pacific (IDA & IBRD countries)","2004",66.22400665,66.01198
"East Asia & Pacific (IDA & IBRD countries)","2005",68.4370575,66.81065
"East Asia & Pacific (IDA & IBRD countries)","2006",71.04026031,67.89524
"East Asia & Pacific (IDA & IBRD countries)","2007",74.78372192,69.96361
"East Asia & Pacific (IDA & IBRD countries)","2008",77.55947876,69.91141
"East Asia & Pacific (IDA & IBRD countries)","2009",81.90860748,71.80212
"East Asia & Pacific (IDA & IBRD countries)","2010",83.85401917,73.82039
"East Asia & Pacific (IDA & IBRD countries)","2011",85.22196198,75.38487
"East Asia & Pacific (IDA & IBRD countries)","2012",85.82544708,74.56589
"East Asia & Pacific (IDA & IBRD countries)","2013",86.90007782,76.11492
"East Asia & Pacific (IDA & IBRD countries)","2014",86.23709106,78.70527
"East Asia & Pacific (IDA & IBRD countries)","2015",86.38976288,78.39649
"East Asia & Pacific (IDA & IBRD countries)","2016",85.61009216,78.45527
"East Asia & Pacific (IDA & IBRD countries)","2017",85.71692657,78.14456
"East Asia & Pacific (IDA & IBRD countries)","2018",86.34381104,78.31161
"Euro area","2004",104.2634811,89.46641
"Euro area","2005",105.9917526,90.67789
"Euro area","2006",106.4879913,91.22277
"Euro area","2007",106.5592422,90.72391
"Euro area","2008",107.1393585,91.25926
"Euro area","2009",107.2986374,91.16182
"Euro area","2010",108.8687668,91.3596
"Euro area","2011",109.6127014,90.81806
"Euro area","2012",108.4712372,90.61763
"Euro area","2013",109.0050583,90.02466
"Euro area","2014",108.3562012,89.83049
"Euro area","2015",108.1748276,90.03888
"Euro area","2016",107.3793793,90.38816
"Euro area","2017",107.6262817,90.58376
"Euro area","2018",107.8739166,90.60507
"Europe & Central Asia","2004",96.34774017,85.97591
"Europe & Central Asia","2005",96.0533905,85.80879
"Europe & Central Asia","2006",96.53111267,86.20452
"Europe & Central Asia","2007",96.948349,86.4081
"Europe & Central Asia","2008",97.5182724,86.72783
"Europe & Central Asia","2009",97.37185669,86.6353
"Europe & Central Asia","2010",99.0707016,87.83752
"Europe & Central Asia","2011",99.40673065,88.24032
"Europe & Central Asia","2012",98.9682312,88.28786
"Europe & Central Asia","2013",104.4968719,89.4201
"Europe & Central Asia","2014",104.9098206,89.92729
"Europe & Central Asia","2015",104.8240204,90.22944
"Europe & Central Asia","2016",104.5477676,89.93778
"Europe & Central Asia","2017",105.4393463,90.20232
"Europe & Central Asia","2018",105.2217102,89.92563
"Europe & Central Asia (excluding high income)","2004",90.46663666,81.99364
"Europe & Central Asia (excluding high income)","2005",88.37274933,80.63589
"Europe & Central Asia (excluding high income)","2006",89.45530701,81.34277
"Europe & Central Asia (excluding high income)","2007",90.29196167,82.16796
"Europe & Central Asia (excluding high income)","2008",90.10546875,82.26676
"Europe & Central Asia (excluding high income)","2009",89.03404999,82.06513
"Europe & Central Asia (excluding high income)","2010",90.79208374,84.09228
"Europe & Central Asia (excluding high income)","2011",92.17694855,85.73788
"Europe & Central Asia (excluding high income)","2012",92.32965088,86.24599
"Europe & Central Asia (excluding high income)","2013",97.19654846,88.22682
"Europe & Central Asia (excluding high income)","2014",98.35379791,88.81447
"Europe & Central Asia (excluding high income)","2015",98.74404907,89.01455
"Europe & Central Asia (excluding high income)","2016",98.96450806,88.20588
"Europe & Central Asia (excluding high income)","2017",100.5807037,88.63549
"Europe & Central Asia (excluding high income)","2018",100.7960205,88.08639
"Europe & Central Asia (IDA & IBRD countries)","2004",90.67842102,82.66045
"Europe & Central Asia (IDA & IBRD countries)","2005",88.96215057,81.56678
"Europe & Central Asia (IDA & IBRD countries)","2006",90.12963104,82.22103
"Europe & Central Asia (IDA & IBRD countries)","2007",90.76667023,82.961
"Europe & Central Asia (IDA & IBRD countries)","2008",91.09044647,83.00859
"Europe & Central Asia (IDA & IBRD countries)","2009",90.45639801,82.76428
"Europe & Central Asia (IDA & IBRD countries)","2010",92.00186157,84.57692
"Europe & Central Asia (IDA & IBRD countries)","2011",93.17385864,86.04322
"Europe & Central Asia (IDA & IBRD countries)","2012",93.15415955,86.51647
"Europe & Central Asia (IDA & IBRD countries)","2013",98.04541016,88.44553
"Europe & Central Asia (IDA & IBRD countries)","2014",98.86850739,89.01402
"Europe & Central Asia (IDA & IBRD countries)","2015",99.06491089,89.26089
"Europe & Central Asia (IDA & IBRD countries)","2016",99.12229156,88.53747
"Europe & Central Asia (IDA & IBRD countries)","2017",100.5567703,88.96116
"Europe & Central Asia (IDA & IBRD countries)","2018",100.7336502,88.43456
"European Union","2004",101.5568237,89.4852
"European Union","2005",103.0718536,90.59826
"European Union","2006",103.8477631,90.58935
"European Union","2007",103.8266602,90.2333
"European Union","2008",104.9849014,90.918
"European Union","2009",105.6651535,91.09391
"European Union","2010",107.0328217,91.46895
"European Union","2011",107.7016907,90.66274
"European Union","2012",106.7020035,90.25664
"European Union","2013",108.925293,90.53868
"European Union","2014",108.2100296,90.84754
"European Union","2015",107.8883591,91.19895
"European Union","2016",107.0159531,91.32184
"European Union","2017",107.2760468,91.44627
"European Union","2018",107.4018631,91.46641
"Fragile and conflict affected situations","2004",37.03553009,30.21112
"Fragile and conflict affected situations","2005",37.33044815,30.85191
"Fragile and conflict affected situations","2006",38.19213867,31.97246
"Fragile and conflict affected situations","2007",38.34022141,32.37373
"Fragile and conflict affected situations","2008",40.20251083,33.81246
"Fragile and conflict affected situations","2009",41.76940155,34.84787
"Fragile and conflict affected situations","2010",43.44504929,35.5295
"Fragile and conflict affected situations","2011",44.32188034,35.93476
"Fragile and conflict affected situations","2012",45.39390182,36.6002
"Fragile and conflict affected situations","2013",46.96329117,35.62697
"Fragile and conflict affected situations","2014",45.08549118,36.03712
"Fragile and conflict affected situations","2015",45.33198929,36.51341
"Fragile and conflict affected situations","2016",44.75505066,36.85874
"Fragile and conflict affected situations","2017",45.29560089,37.63171
"Fragile and conflict affected situations","2018",45.7460289,37.62826
"Heavily indebted poor countries (HIPC)","2004",25.26563072,20.51107
"Heavily indebted poor countries (HIPC)","2005",26.61936951,21.72503
"Heavily indebted poor countries (HIPC)","2006",28.34980011,23.21675
"Heavily indebted poor countries (HIPC)","2007",30.03347015,24.70388
"Heavily indebted poor countries (HIPC)","2008",32.08834839,26.41139
"Heavily indebted poor countries (HIPC)","2009",33.80281067,27.64159
"Heavily indebted poor countries (HIPC)","2010",35.53004074,28.896
"Heavily indebted poor countries (HIPC)","2011",36.80207062,29.74624
"Heavily indebted poor countries (HIPC)","2012",37.94525909,30.5583
"Heavily indebted poor countries (HIPC)","2013",39.00790024,30.81079
"Heavily indebted poor countries (HIPC)","2014",39.39229965,31.47466
"Heavily indebted poor countries (HIPC)","2015",39.58279037,32.43202
"Heavily indebted poor countries (HIPC)","2016",40.0080719,32.2428
"Heavily indebted poor countries (HIPC)","2017",40.35224152,32.53769
"Heavily indebted poor countries (HIPC)","2018",40.891819,32.8487
"High income","2004",100.0076675,86.83769
"High income","2005",100.75634,87.43483
"High income","2006",100.549408,87.37573
"High income","2007",100.48246,87.21115
"High income","2008",100.955719,87.53733
"High income","2009",101.4283981,87.8061
"High income","2010",102.1715622,87.93087
"High income","2011",101.9376068,88.15138
"High income","2012",101.8365479,88.29552
"High income","2013",104.8429794,88.67842
"High income","2014",104.9974899,89.1936
"High income","2015",105.3207397,89.87371
"High income","2016",105.1509933,90.53649
"High income","2017",105.4440536,90.745
"High income","2018",105.0516129,90.81931
"IBRD only","2004",66.67285156,61.7581
"IBRD only","2005",68.1635437,62.74446
"IBRD only","2006",68.74247742,63.44455
"IBRD only","2007",71.48018646,64.90056
"IBRD only","2008",73.63066101,65.94445
"IBRD only","2009",75.0039978,66.50128
"IBRD only","2010",77.10694885,68.27682
"IBRD only","2011",79.06182098,69.97504
"IBRD only","2012",80.17871094,70.32132
"IBRD only","2013",81.54637146,71.99196
"IBRD only","2014",83.36817932,73.04477
"IBRD only","2015",83.29483795,73.0542
"IBRD only","2016",83.59499359,72.90287
"IBRD only","2017",83.25218201,73.48382
"IBRD only","2018",83.99147034,73.57131
"IDA & IBRD total","2004",58.42712021,54.1322
"IDA & IBRD total","2005",59.47948074,54.82988
"IDA & IBRD total","2006",60.09658813,55.49902
"IDA & IBRD total","2007",62.11359024,56.57491
"IDA & IBRD total","2008",63.78736877,57.35668
"IDA & IBRD total","2009",64.9536972,57.85632
"IDA & IBRD total","2010",66.68824005,59.25592
"IDA & IBRD total","2011",68.13205719,60.37714
"IDA & IBRD total","2012",69.07102203,60.68411
"IDA & IBRD total","2013",70.33217621,61.91644
"IDA & IBRD total","2014",71.25035858,62.72301
"IDA & IBRD total","2015",71.26413727,62.75054
"IDA & IBRD total","2016",71.44761658,62.8315
"IDA & IBRD total","2017",71.08744812,63.24158
"IDA & IBRD total","2018",71.76544189,63.32784
"IDA blend","2004",34.3723793,33.52494
"IDA blend","2005",34.67742157,33.93582
"IDA blend","2006",36.67895126,35.89015
"IDA blend","2007",37.36487961,36.66764
"IDA blend","2008",38.93783951,37.95605
"IDA blend","2009",40.24475861,38.96587
"IDA blend","2010",41.9936409,40.42474
"IDA blend","2011",42.78142166,40.32432
"IDA blend","2012",43.85773849,40.34677
"IDA blend","2013",46.8898201,41.75226
"IDA blend","2014",44.32989883,42.30329
"IDA blend","2015",45.5585289,41.7424
"IDA blend","2016",44.63357925,43.48944
"IDA blend","2017",44.50033188,44.27608
"IDA blend","2018",45.44652176,44.93787
"IDA only","2004",34.71990967,29.4728
"IDA only","2005",35.44136047,30.08863
"IDA only","2006",36.70101166,31.18289
"IDA only","2007",37.66825104,32.14792
"IDA only","2008",38.87807846,32.96999
"IDA only","2009",40.5795784,34.1441
"IDA only","2010",42.07262039,35.22685
"IDA only","2011",43.11433029,35.85177
"IDA only","2012",44.30503845,36.91835
"IDA only","2013",45.07205963,37.18216
"IDA only","2014",45.56029892,37.89062
"IDA only","2015",46.09817123,39.03294
"IDA only","2016",47.29965973,39.67625
"IDA only","2017",47.35887909,39.71058
"IDA only","2018",48.29700089,39.94525
"IDA total","2004",34.5987587,30.85827
"IDA total","2005",35.17367935,31.40992
"IDA total","2006",36.69329834,32.80356
"IDA total","2007",37.56227875,33.7018
"IDA total","2008",38.89891815,34.68168
"IDA total","2009",40.46295166,35.79291
"IDA total","2010",42.04516983,36.99878
"IDA total","2011",42.99895096,37.36552
"IDA total","2012",44.15032959,38.07079
"IDA total","2013",45.70124817,38.72726
"IDA total","2014",45.1332016,39.38482
"IDA total","2015",45.91115952,39.94132
"IDA total","2016",46.37720871,40.96381
"IDA total","2017",46.37025833,41.25943
"IDA total","2018",47.31066895,41.64309
"Late-demographic dividend","2004",74.52147675,71.59837
"Late-demographic dividend","2005",76.70899963,72.55847
"Late-demographic dividend","2006",77.20464325,73.16285
"Late-demographic dividend","2007",81.18923187,74.26708
"Late-demographic dividend","2008",84.21988678,75.0558
"Late-demographic dividend","2009",88.00985718,77.00594
"Late-demographic dividend","2010",89.90115356,78.83115
"Late-demographic dividend","2011",91.03708649,79.65448
"Late-demographic dividend","2012",90.93421173,78.69464
"Late-demographic dividend","2013",93.00930023,80.76516
"Late-demographic dividend","2014",92.05046082,83.14235
"Late-demographic dividend","2015",91.31976318,82.80978
"Late-demographic dividend","2016",90.76387024,82.92815
"Late-demographic dividend","2017",90.72885132,82.44917
"Late-demographic dividend","2018",91.48977661,82.59895
"Latin America & Caribbean","2004",85.58616638,67.37197
"Latin America & Caribbean","2005",86.02258301,68.27903
"Latin America & Caribbean","2006",80.89060211,68.75196
"Latin America & Caribbean","2007",85.99539948,69.01169
"Latin America & Caribbean","2008",87.29704285,71.26887
"Latin America & Caribbean","2009",88.38088989,72.20532
"Latin America & Caribbean","2010",89.35076904,72.63742
"Latin America & Caribbean","2011",89.78099823,72.9849
"Latin America & Caribbean","2012",89.2719574,72.76669
"Latin America & Caribbean","2013",94.16706848,76.05959
"Latin America & Caribbean","2014",94.26322174,76.36003
"Latin America & Caribbean","2015",94.49984741,76.75564
"Latin America & Caribbean","2016",95.52689362,77.49153
"Latin America & Caribbean","2017",96.00100708,77.36148
"Latin America & Caribbean","2018",97.1542511,77.50429
"Latin America & Caribbean (excluding high income)","2004",86.02980804,66.70741
"Latin America & Caribbean (excluding high income)","2005",86.39965057,67.64578
"Latin America & Caribbean (excluding high income)","2006",80.67275238,68.15071
"Latin America & Caribbean (excluding high income)","2007",86.21082306,68.48382
"Latin America & Caribbean (excluding high income)","2008",87.57685089,70.86132
"Latin America & Caribbean (excluding high income)","2009",88.74765015,71.89542
"Latin America & Caribbean (excluding high income)","2010",89.72373962,72.28398
"Latin America & Caribbean (excluding high income)","2011",90.15146637,72.67364
"Latin America & Caribbean (excluding high income)","2012",89.50646973,72.45098
"Latin America & Caribbean (excluding high income)","2013",94.24131012,75.78636
"Latin America & Caribbean (excluding high income)","2014",94.34381104,76.09166
"Latin America & Caribbean (excluding high income)","2015",94.62315369,76.47914
"Latin America & Caribbean (excluding high income)","2016",95.88790131,77.24594
"Latin America & Caribbean (excluding high income)","2017",96.45781708,77.15013
"Latin America & Caribbean (excluding high income)","2018",97.57576752,77.29944
"Latin America & the Caribbean (IDA & IBRD countries)","2004",85.47830963,66.99694
"Latin America & the Caribbean (IDA & IBRD countries)","2005",85.90389252,67.90555
"Latin America & the Caribbean (IDA & IBRD countries)","2006",80.65097046,68.37099
"Latin America & the Caribbean (IDA & IBRD countries)","2007",85.86740112,68.6504
"Latin America & the Caribbean (IDA & IBRD countries)","2008",87.20070648,70.97578
"Latin America & the Caribbean (IDA & IBRD countries)","2009",88.32510376,71.96324
"Latin America & the Caribbean (IDA & IBRD countries)","2010",89.31929016,72.38443
"Latin America & the Caribbean (IDA & IBRD countries)","2011",89.78282928,72.76949
"Latin America & the Caribbean (IDA & IBRD countries)","2012",89.2695694,72.55697
"Latin America & the Caribbean (IDA & IBRD countries)","2013",94.24688721,75.89555
"Latin America & the Caribbean (IDA & IBRD countries)","2014",94.26274109,76.21968
"Latin America & the Caribbean (IDA & IBRD countries)","2015",94.46671295,76.65285
"Latin America & the Caribbean (IDA & IBRD countries)","2016",95.5284729,77.41567
"Latin America & the Caribbean (IDA & IBRD countries)","2017",95.98168182,77.28509
"Latin America & the Caribbean (IDA & IBRD countries)","2018",97.1421814,77.43196
"Least developed countries: UN classification","2004",30.5865097,26.58309
"Least developed countries: UN classification","2005",31.23978043,27.0964
"Least developed countries: UN classification","2006",32.56660843,28.23262
"Least developed countries: UN classification","2007",33.55224991,29.15138
"Least developed countries: UN classification","2008",34.84487152,30.01052
"Least developed countries: UN classification","2009",36.69387054,31.34445
"Least developed countries: UN classification","2010",38.28536987,32.48536
"Least developed countries: UN classification","2011",39.27851105,33.08418
"Least developed countries: UN classification","2012",40.72663879,34.27019
"Least developed countries: UN classification","2013",42.31156921,35.18394
"Least developed countries: UN classification","2014",43.28453064,36.12135
"Least developed countries: UN classification","2015",43.9193306,37.28353
"Least developed countries: UN classification","2016",45.37313843,37.99336
"Least developed countries: UN classification","2017",45.43777847,37.93698
"Least developed countries: UN classification","2018",46.25777054,38.05158
"Low & middle income","2004",58.14735031,54.02102
"Low & middle income","2005",59.20642853,54.71912
"Low & middle income","2006",59.82323074,55.40113
"Low & middle income","2007",61.86962128,56.49204
"Low & middle income","2008",63.53783035,57.28407
"Low & middle income","2009",64.70453644,57.79404
"Low & middle income","2010",66.4526062,59.20003
"Low & middle income","2011",67.91066742,60.32994
"Low & middle income","2012",68.86273193,60.64235
"Low & middle income","2013",70.04879761,61.86824
"Low & middle income","2014",71.0009079,62.6777
"Low & middle income","2015",71.03372192,62.70272
"Low & middle income","2016",71.24208832,62.78626
"Low & middle income","2017",70.89167786,63.20392
"Low & middle income","2018",71.56813049,63.29202
"Low income","2004",28.89591026,25.37447
"Low income","2005",29.96348953,26.52101
"Low income","2006",31.68839073,27.89233
"Low income","2007",32.66024017,28.81502
"Low income","2008",34.47229004,30.42957
"Low income","2009",35.8523407,31.25516
"Low income","2010",37.04769897,32.39683
"Low income","2011",38.09698868,33.424
"Low income","2012",39.03953171,34.18809
"Low income","2013",38.39859009,33.00196
"Low income","2014",38.71905136,33.30497
"Low income","2015",38.75851822,33.99723
"Low income","2016",39.17433167,33.3952
"Low income","2017",39.64778137,33.51031
"Low income","2018",39.94313812,33.57867
"Lower middle income","2004",50.12987137,45.50777
"Lower middle income","2005",51.1917305,46.39556
"Lower middle income","2006",51.93574905,47.49076
"Lower middle income","2007",53.08201981,49.41777
"Lower middle income","2008",54.90346909,50.65561
"Lower middle income","2009",55.25709152,50.61451
"Lower middle income","2010",57.56341171,52.42785
"Lower middle income","2011",59.62149811,54.13049
"Lower middle income","2012",61.43220139,55.38944
"Lower middle income","2013",62.24372864,56.91442
"Lower middle income","2014",64.28119659,57.27701
"Lower middle income","2015",64.53296661,57.60987
"Lower middle income","2016",65.32512665,58.26122
"Lower middle income","2017",64.59519196,59.56994
"Lower middle income","2018",65.65171814,59.91367
"Middle East & North Africa","2004",72.05255127,65.49245
"Middle East & North Africa","2005",71.82984161,65.51785
"Middle East & North Africa","2006",71.94010925,65.81262
"Middle East & North Africa","2007",70.67214966,65.44071
"Middle East & North Africa","2008",71.48040771,66.89581
"Middle East & North Africa","2009",72.98314667,68.7705
"Middle East & North Africa","2010",73.70088196,68.84673
"Middle East & North Africa","2011",76.72499084,71.20198
"Middle East & North Africa","2012",77.50502777,71.53439
"Middle East & North Africa","2013",75.35053253,69.52544
"Middle East & North Africa","2014",75.68174744,70.20788
"Middle East & North Africa","2015",76.02838135,70.95123
"Middle East & North Africa","2016",75.96891022,71.86762
"Middle East & North Africa","2017",76.08959961,72.42314
"Middle East & North Africa","2018",76.47412109,72.89887
"Middle East & North Africa (excluding high income)","2004",70.25759888,64.71712
"Middle East & North Africa (excluding high income)","2005",69.77332306,64.59102
"Middle East & North Africa (excluding high income)","2006",69.86078644,64.80938
"Middle East & North Africa (excluding high income)","2007",68.41493225,64.23128
"Middle East & North Africa (excluding high income)","2008",69.22239685,65.65144
"Middle East & North Africa (excluding high income)","2009",70.72296906,67.52974
"Middle East & North Africa (excluding high income)","2010",71.4369812,67.34881
"Middle East & North Africa (excluding high income)","2011",74.76207733,69.73419
"Middle East & North Africa (excluding high income)","2012",75.60720825,69.84611
"Middle East & North Africa (excluding high income)","2013",73.09150696,67.29459
"Middle East & North Africa (excluding high income)","2014",73.4229126,67.82328
"Middle East & North Africa (excluding high income)","2015",73.28901672,68.61788
"Middle East & North Africa (excluding high income)","2016",73.41957855,69.63247
"Middle East & North Africa (excluding high income)","2017",73.49432373,70.16223
"Middle East & North Africa (excluding high income)","2018",73.74920654,70.61009
"Middle East & North Africa (IDA & IBRD countries)","2004",69.98525238,64.40082
"Middle East & North Africa (IDA & IBRD countries)","2005",69.46098328,64.24293
"Middle East & North Africa (IDA & IBRD countries)","2006",69.51207733,64.43329
"Middle East & North Africa (IDA & IBRD countries)","2007",68.03266144,63.84027
"Middle East & North Africa (IDA & IBRD countries)","2008",68.85590363,65.27432
"Middle East & North Africa (IDA & IBRD countries)","2009",70.37651825,67.19797
"Middle East & North Africa (IDA & IBRD countries)","2010",71.1153183,67.03865
"Middle East & North Africa (IDA & IBRD countries)","2011",74.51898193,69.50265
"Middle East & North Africa (IDA & IBRD countries)","2012",75.38668823,69.60627
"Middle East & North Africa (IDA & IBRD countries)","2013",72.82302856,66.99178
"Middle East & North Africa (IDA & IBRD countries)","2014",73.15911102,67.51367
"Middle East & North Africa (IDA & IBRD countries)","2015",73.01087189,68.29196
"Middle East & North Africa (IDA & IBRD countries)","2016",73.13993835,69.29603
"Middle East & North Africa (IDA & IBRD countries)","2017",73.19454193,69.79347
"Middle East & North Africa (IDA & IBRD countries)","2018",73.45635223,70.25002
"Middle income","2004",60.88301849,57.14436
"Middle income","2005",62.03427124,57.8885
"Middle income","2006",62.64926147,58.61426
"Middle income","2007",64.9149704,59.8615
"Middle income","2008",66.69022369,60.69278
"Middle income","2009",67.96568298,61.29083
"Middle income","2010",69.89655304,62.86385
"Middle income","2011",71.51116943,64.12658
"Middle income","2012",72.56442261,64.47047
"Middle income","2013",74.08831024,66.15774
"Middle income","2014",75.16261292,67.10091
"Middle income","2015",75.29589844,67.12962
"Middle income","2016",75.57566833,67.42127
"Middle income","2017",75.1958313,67.9526
"Middle income","2018",76.01396179,68.12466
"North America","2004",95.46565247,89.40924
"North America","2005",95.52954865,89.02733
"North America","2006",95.67491913,88.70541
"North America","2007",95.87854767,88.66419
"North America","2008",96.09609222,88.86847
"North America","2009",96.28787231,88.9192
"North America","2010",96.37236786,88.16823
"North America","2011",96.52881622,89.47648
"North America","2012",97.37465668,89.55233
"North America","2013",97.53565979,89.64119
"North America","2014",98.22075653,89.96159
"North America","2015",98.88262177,91.36782
"North America","2016",99.89038086,92.79179
"North America","2017",100.0627136,93.07327
"North America","2018",100.3310471,93.06775
"OECD members","2004",97.06440735,84.18275
"OECD members","2005",97.69026947,84.98548
"OECD members","2006",98.06797028,85.20968
"OECD members","2007",98.48753357,85.24645
"OECD members","2008",98.84606934,85.44197
"OECD members","2009",98.38271332,85.20094
"OECD members","2010",99.51361847,85.57344
"OECD members","2011",99.7804184,86.02198
"OECD members","2012",99.48928833,85.84729
"OECD members","2013",103.7849197,87.04059
"OECD members","2014",104.7719574,87.72014
"OECD members","2015",105.42173,88.46915
"OECD members","2016",105.7590408,89.00189
"OECD members","2017",106.6902695,89.3494
"OECD members","2018",106.4595566,89.36801
"Other small states","2004",57.45352173,48.30282
"Other small states","2005",58.51760864,49.35865
"Other small states","2006",59.43730927,49.39798
"Other small states","2007",60.78054047,50.30923
"Other small states","2008",61.22906113,50.51286
"Other small states","2009",62.5557518,51.25826
"Other small states","2010",63.61540985,51.6864
"Other small states","2011",64.15357208,51.62497
"Other small states","2012",65.34641266,52.43997
"Other small states","2013",66.15740204,52.7261
"Other small states","2014",67.08731842,53.1738
"Other small states","2015",67.75875854,53.35628
"Other small states","2016",68.39737701,53.6004
"Other small states","2017",69.30458069,54.02025
"Pacific island small states","2004",65.49414063,61.92233
"Pacific island small states","2005",65.17690277,62.15861
"Pacific island small states","2006",66.20316315,64.23496
"Pacific island small states","2007",66.34597015,62.37628
"Pacific island small states","2008",67.6341629,63.64615
"Pacific island small states","2009",69.0115509,64.97627
"Pacific island small states","2010",71.32240295,66.97126
"Pacific island small states","2011",71.81797028,67.39136
"Pacific island small states","2012",70.74373627,66.70892
"Pacific island small states","2013",71.11004639,66.19857
"Post-demographic dividend","2004",101.2020187,87.73305
"Post-demographic dividend","2005",101.7122803,88.01966
"Post-demographic dividend","2006",101.5572281,88.06183
"Post-demographic dividend","2007",101.6962128,87.9194
"Post-demographic dividend","2008",102.0478134,88.2413
"Post-demographic dividend","2009",102.3393097,88.44542
"Post-demographic dividend","2010",103.071579,88.44297
"Post-demographic dividend","2011",102.7327805,88.54826
"Post-demographic dividend","2012",102.7779388,88.58138
"Post-demographic dividend","2013",105.5809097,88.79159
"Post-demographic dividend","2014",105.8633728,89.23449
"Post-demographic dividend","2015",105.6705322,89.86954
"Post-demographic dividend","2016",105.5104675,90.54602
"Post-demographic dividend","2017",105.6448975,90.73148
"Post-demographic dividend","2018",104.9839401,90.7899
"Pre-demographic dividend","2004",28.03553009,22.32802
"Pre-demographic dividend","2005",28.85157967,23.10283
"Pre-demographic dividend","2006",29.84272957,23.89674
"Pre-demographic dividend","2007",30.38500023,24.44371
"Pre-demographic dividend","2008",32.95652008,26.63833
"Pre-demographic dividend","2009",35.10009003,28.33974
"Pre-demographic dividend","2010",37.21039963,30.06803
"Pre-demographic dividend","2011",38.24478149,30.25196
"Pre-demographic dividend","2012",39.40335083,30.51339
"Pre-demographic dividend","2013",42.1049614,31.63519
"Pre-demographic dividend","2014",40.8091011,32.22259
"Pre-demographic dividend","2015",41.39445877,32.96741
"Pre-demographic dividend","2016",40.96255875,33.74958
"Pre-demographic dividend","2017",41.43185043,34.67489
"Pre-demographic dividend","2018",41.85536957,35.01341
"Small states","2004",62.95122147,54.46747
"Small states","2005",63.66931152,55.1457
"Small states","2006",64.58894348,55.29746
"Small states","2007",65.7996521,55.84291
"Small states","2008",66.38432312,56.08131
"Small states","2009",67.64109802,56.69121
"Small states","2010",68.66165924,57.08271
"Small states","2011",69.22102356,57.06738
"Small states","2012",69.81977081,57.3443
"Small states","2013",70.17281342,57.34041
"Small states","2014",70.88923645,57.68301
"Small states","2015",71.24591827,57.59482
"Small states","2016",72.03533173,57.88084
"Small states","2017",72.52767181,58.13102
"South Asia","2004",46.66667175,43.5326
"South Asia","2005",48.51169968,45.2492
"South Asia","2006",49.79727936,46.59837
"South Asia","2007",51.70294189,48.49171
"South Asia","2008",53.93835831,50.24801
"South Asia","2009",53.75241852,49.83545
"South Asia","2010",56.59009171,52.14638
"South Asia","2011",58.98421097,54.02543
"South Asia","2012",61.26768875,55.94732
"South Asia","2013",61.5438385,57.56894
"South Asia","2014",65.62278748,58.0758
"South Asia","2015",65.84430695,58.30514
"South Asia","2016",67.38024902,58.68417
"South Asia","2017",66.19901276,60.20007
"South Asia","2018",67.59883118,60.5279
"South Asia (IDA & IBRD)","2004",46.66667175,43.5326
"South Asia (IDA & IBRD)","2005",48.51169968,45.2492
"South Asia (IDA & IBRD)","2006",49.79727936,46.59837
"South Asia (IDA & IBRD)","2007",51.70294189,48.49171
"South Asia (IDA & IBRD)","2008",53.93835831,50.24801
"South Asia (IDA & IBRD)","2009",53.75241852,49.83545
"South Asia (IDA & IBRD)","2010",56.59009171,52.14638
"South Asia (IDA & IBRD)","2011",58.98421097,54.02543
"South Asia (IDA & IBRD)","2012",61.26768875,55.94732
"South Asia (IDA & IBRD)","2013",61.5438385,57.56894
"South Asia (IDA & IBRD)","2014",65.62278748,58.0758
"South Asia (IDA & IBRD)","2015",65.84430695,58.30514
"South Asia (IDA & IBRD)","2016",67.38024902,58.68417
"South Asia (IDA & IBRD)","2017",66.19901276,60.20007
"South Asia (IDA & IBRD)","2018",67.59883118,60.5279
"Sub-Saharan Africa","2004",30.48270035,24.61484
"Sub-Saharan Africa","2005",31.39464951,25.52428
"Sub-Saharan Africa","2006",32.42610931,26.34918
"Sub-Saharan Africa","2007",33.35705185,27.27619
"Sub-Saharan Africa","2008",35.29730988,28.91533
"Sub-Saharan Africa","2009",37.07627869,30.20465
"Sub-Saharan Africa","2010",38.99422836,31.71098
"Sub-Saharan Africa","2011",40.18935013,32.06327
"Sub-Saharan Africa","2012",41.43228149,32.45388
"Sub-Saharan Africa","2013",44.04343033,33.38542
"Sub-Saharan Africa","2014",42.84716034,34.02342
"Sub-Saharan Africa","2015",43.37297058,34.8044
"Sub-Saharan Africa","2016",42.85206985,35.0705
"Sub-Saharan Africa","2017",43.09243011,35.29055
"Sub-Saharan Africa","2018",43.27862167,35.58426
"Sub-Saharan Africa (excluding high income)","2004",30.47808075,24.60959
"Sub-Saharan Africa (excluding high income)","2005",31.38973045,25.51868
"Sub-Saharan Africa (excluding high income)","2006",32.42210007,26.34444
"Sub-Saharan Africa (excluding high income)","2007",33.35287094,27.27121
"Sub-Saharan Africa (excluding high income)","2008",35.29372025,28.9109
"Sub-Saharan Africa (excluding high income)","2009",37.07305908,30.2005
"Sub-Saharan Africa (excluding high income)","2010",38.99145889,31.70727
"Sub-Saharan Africa (excluding high income)","2011",40.18704987,32.06235
"Sub-Saharan Africa (excluding high income)","2012",41.42956161,32.45156
"Sub-Saharan Africa (excluding high income)","2013",44.04124832,33.38244
"Sub-Saharan Africa (excluding high income)","2014",42.84487915,34.02056
"Sub-Saharan Africa (excluding high income)","2015",43.37062836,34.80147
"Sub-Saharan Africa (excluding high income)","2016",42.84965897,35.06753
"Sub-Saharan Africa (excluding high income)","2017",43.09014893,35.28772
"Sub-Saharan Africa (excluding high income)","2018",43.27640152,35.58147
"Sub-Saharan Africa (IDA & IBRD countries)","2004",30.48270035,24.61484
"Sub-Saharan Africa (IDA & IBRD countries)","2005",31.39464951,25.52428
"Sub-Saharan Africa (IDA & IBRD countries)","2006",32.42610931,26.34918
"Sub-Saharan Africa (IDA & IBRD countries)","2007",33.35705185,27.27619
"Sub-Saharan Africa (IDA & IBRD countries)","2008",35.29730988,28.91533
"Sub-Saharan Africa (IDA & IBRD countries)","2009",37.07627869,30.20465
"Sub-Saharan Africa (IDA & IBRD countries)","2010",38.99422836,31.71098
"Sub-Saharan Africa (IDA & IBRD countries)","2011",40.18935013,32.06327
"Sub-Saharan Africa (IDA & IBRD countries)","2012",41.43228149,32.45388
"Sub-Saharan Africa (IDA & IBRD countries)","2013",44.04343033,33.38542
"Sub-Saharan Africa (IDA & IBRD countries)","2014",42.84716034,34.02342
"Sub-Saharan Africa (IDA & IBRD countries)","2015",43.37297058,34.8044
"Sub-Saharan Africa (IDA & IBRD countries)","2016",42.85206985,35.0705
"Sub-Saharan Africa (IDA & IBRD countries)","2017",43.09243011,35.29055
"Sub-Saharan Africa (IDA & IBRD countries)","2018",43.27862167,35.58426
"Upper middle income","2004",74.23554993,70.99974
"Upper middle income","2005",75.88861084,71.97445
"Upper middle income","2006",76.82936096,72.82572
"Upper middle income","2007",81.12319946,73.76982
"Upper middle income","2008",83.47084045,74.68254
"Upper middle income","2009",86.79060364,76.6922
"Upper middle income","2010",88.64035034,78.43899
"Upper middle income","2011",89.99922943,79.40965
"Upper middle income","2012",90.20834351,78.60217
"Upper middle income","2013",93.05180359,80.77983
"Upper middle income","2014",92.95523834,82.91939
"Upper middle income","2015",93.2159729,82.72245
"Upper middle income","2016",92.89359283,82.62597
"Upper middle income","2017",93.40762329,82.12463
"Upper middle income","2018",94.06079102,82.24137
